/*
Navicat MySQL Data Transfer

Source Server         : HAND
Source Server Version : 50716
Source Host           : localhost:3306
Source Database       : activiti_wechat

Target Server Type    : MYSQL
Target Server Version : 50716
File Encoding         : 65001

Date: 2017-07-31 15:47:31
*/

SET FOREIGN_KEY_CHECKS=0;

-- ----------------------------
-- Table structure for `act_evt_log`
-- ----------------------------
DROP TABLE IF EXISTS `act_evt_log`;
CREATE TABLE `act_evt_log` (
  `LOG_NR_` bigint(20) NOT NULL AUTO_INCREMENT,
  `TYPE_` varchar(64) COLLATE utf8_bin DEFAULT NULL,
  `PROC_DEF_ID_` varchar(64) COLLATE utf8_bin DEFAULT NULL,
  `PROC_INST_ID_` varchar(64) COLLATE utf8_bin DEFAULT NULL,
  `EXECUTION_ID_` varchar(64) COLLATE utf8_bin DEFAULT NULL,
  `TASK_ID_` varchar(64) COLLATE utf8_bin DEFAULT NULL,
  `TIME_STAMP_` timestamp(3) NOT NULL DEFAULT CURRENT_TIMESTAMP(3) ON UPDATE CURRENT_TIMESTAMP(3),
  `USER_ID_` varchar(255) COLLATE utf8_bin DEFAULT NULL,
  `DATA_` longblob,
  `LOCK_OWNER_` varchar(255) COLLATE utf8_bin DEFAULT NULL,
  `LOCK_TIME_` timestamp(3) NULL DEFAULT NULL,
  `IS_PROCESSED_` tinyint(4) DEFAULT '0',
  PRIMARY KEY (`LOG_NR_`)
) ENGINE=InnoDB DEFAULT CHARSET=utf8 COLLATE=utf8_bin;

-- ----------------------------
-- Records of act_evt_log
-- ----------------------------

-- ----------------------------
-- Table structure for `act_ge_bytearray`
-- ----------------------------
DROP TABLE IF EXISTS `act_ge_bytearray`;
CREATE TABLE `act_ge_bytearray` (
  `ID_` varchar(64) COLLATE utf8_bin NOT NULL,
  `REV_` int(11) DEFAULT NULL,
  `NAME_` varchar(255) COLLATE utf8_bin DEFAULT NULL,
  `DEPLOYMENT_ID_` varchar(64) COLLATE utf8_bin DEFAULT NULL,
  `BYTES_` longblob,
  `GENERATED_` tinyint(4) DEFAULT NULL,
  PRIMARY KEY (`ID_`),
  KEY `ACT_FK_BYTEARR_DEPL` (`DEPLOYMENT_ID_`),
  CONSTRAINT `ACT_FK_BYTEARR_DEPL` FOREIGN KEY (`DEPLOYMENT_ID_`) REFERENCES `act_re_deployment` (`ID_`)
) ENGINE=InnoDB DEFAULT CHARSET=utf8 COLLATE=utf8_bin;

-- ----------------------------
-- Records of act_ge_bytearray
-- ----------------------------
INSERT INTO `act_ge_bytearray` VALUES ('90006', '1', 'WeChat.png', '90005', 0x89504E470D0A1A0A0000000D4948445200000405000002260802000000A473A48100002ED849444154789CEDDD7F709C777D277071042C08A5A2ED3522D3264BAF33D99902D61CE9587FD54A6E2ED6CD5C6167DAC16A67CEEC5C67400C2DF8DA4C117713DC6B49351D0AA694D4BD8354735C5AF55A276A49520171AAD224152176941F864D8841E0181492C0826DB2C472FCDC636D5914FDF2CA7A9EEFF3EC3EAFD77CC7B35AED3EFB3C7AF6FB7CBE6F3FBBCFB7270200008AAA27EB1500000032230F00004071C9030000505CF200000014973C000000C5250F00004071C9030000505CF200000014973C000000C5250F00004071C9030000505CF200000014973C000000C5250F00004071C9030000505CF200000014973C000000C5250F00004071C9030000505CF20040C61A8DC6D4D4D4BE7DFB2A95CAD00F0D0F0FC7F74C4E4ED6EBF5AC5710806E260F0064268E01F1B8BFB7B7374E02F1E8FFE0C15BEF3A7477B3DD7EC79D37DCF0FE919191BEBEBEC1C1C1898989AC571680EE240F0064606E6E6E6868288E01F1B8FFCCE2D98DDB3DF7DEB767CFDB060606666666B25E7100BA8D3C0010DAF8F8783CB8BFEBD0DD174C02CBDB03878FECDCB9737474B4D16864BD0500740F7900209C78283F3232323636B6A924B0BC7DECA69B868686161616B2DE1400BA843C0010481C060607072727272F3A0CB43E3E142F677E7E3EEB0D02A01BC80300818C8C8C6C3D0CB43E3B1447021F1C0260EBE4018010C6C7C7B7F231A1D5EDE0C15B2B954AD69B0540C79307005237373737303090601868B6B7BFFD1D070E1CC87AE300E86CF20040EAE230F0C0E12389E781E34F9EB8F2CA924F0D01B015F20040BAA6A6A62A954AE261A0D9DEFDEEF7ECDFBF3FEB4D04A083C90300E91A1A1ADAEC54039B3A45D0DFDF9FF52602D0C1E4018014D5EBF5BEBEBE94C240B3EDD8B163767636EB0D05A053C90300299A9898A856ABA9E6810FDC78E3D8D858D61B0A40A792070052343A3A7AE0C08154F3C05D87EE1E1A1ACA7A4301E854F200408A8687876FBFE3CE54F3C013C78E5D796529EB0D05A053C90300294AE94AA3CBDBC953A77B7B7BB3DE50003A953C0090A2FEFEFEE34F9E48350FC4ADA7C7C11C808BA48400A4A85C2E3F7AF4A83C00406E292100294A75F201DF1F0060EBE401801455ABD54FDC7C73AA79E09E7BEFDBB16347D61B0A40A792070052B47FFFFE77BFFB3DA9E681386FECD9F3B6AC3714804E250F00A4687E7EBE542AA59A0776EDDA353D3D9DF58602D0A9E4018074A5FA95E293A74EF7F5F5351A8DACB712804E250F00A42BD58F0CFDF1873E142F3CEB4D04A083C90300E96A341AA552298D59084E9E3A7DE595A5858585AC3711800E260F00A46E7272F2ADBB773B3900400EC9030021BCF92D6F3978F0D604C3C0A3478F6EDFBEFDE4A9D3596F19009D4D1E0008A15EAFEFD8B123A92F163FFDCCB3711878E2D8B1AC370B808E270F000452ABD5E248100FE2B71E06DEFC96B7DC7EC79D596F1000DD401E0008676E6E6EFBF6EDF7DC7BDF563E2614870A610080A4C8030041D5EBF59D3B77DE70C3FB9F7EE6D94D258193A74EFFF1873ED4FCD051D61B0140F7900700426B341A711EB8EAAA723CBE8F47F9ED84814FDC7C73FCF877BFFB3D718AC87AF501E82AF2004036161616F6EEDDDBD7D7F7E6B7BC251EEE3F70F8C88A0C10DF73CB2D7FF9D6DDBBE3C7ECD9F3B6F9F9F9AC5719802E240F0064A9D1684C4D4D55ABD5EDDBB7F7BC587C4F1C06262727EBF57AD6AB0940D7920700F225CE0659AF020005220F00E44B4F8F233300E1A83A00F9220F001092AA03902FF2000021A93A00F9220F001092AA03902FF2000021A93A00F9220F001092AA03902FF2000021A93A00F9220F001092AA03902FF2000021A93A00F9220F001092AA03902FF2000021A93A00F9220F001092AA03902FF2000021A93A00F9220F001092AA03902FF2000021A93A00F9220F001092AA03902FF2000021A93A00F9220F001092AA03902FF2000021A93A00F9220F001092AA03902FF2000021A93A00F9220F001092AA03902FF2000021A93A00F9220F001092AA03902FF2000021A93A00F9220F001092AA03902FF2000021A93A00F9220F001092AA03902FF2000021A93A00F9220F001092AA03902FF2000021A93A00F9220F001092AA03902FF2000021A93A00F9220F001092AA03902FF2000021A93A00F9220F001092AA03902FF2000021A93A00F9220F001092AA03902FF2000021A93A00F9220F001092AA03902FF2000021A93A00F9220F001092AA03902FF2000021A93A00F9220F001092AA03902FF2000021A93A00F9220F001092AA03902FF2000021A93A00F9220F001092AA03902FF2000021A93A00F9220F001092AA03902FF2000021A93A00F9220F001092AA03902FF2000021A93A00F9220F001092AA03902FF2000021A93A00F9220F001092AA03902FF2000021A93A00F9220F001092AA03902FF2000021A93A00F9220F001092AA03902FF2000021A93A00F9220F001092AA03902FF2000021A93A00F9220F001092AA03902FF2000021A93A00F9220F001092AA03902FF2000021A93A00F9220F001092AA03902FF2000021A93A00F9220F001092AA03902FF2000021A93A00F9220F001092AA03902FF2000021A93A00F9220F001092AA03902FF2000021A93A00F9220F001092AA03902FF2000021A93A00F9220F001092AA03902FF2000021A93A00F9220F001092AA03902FF2000021A93A00F9220F001092AA03902FF2000021A93A00F9220F001092AA03902FF2000021A93A00F9220F001092AA03902FF2000021A93A00F9220F001092AA03902FF2000021A93A00F9220F001092AA03902FF2000021A93A00F9220F001092AA03902FF2000021A93A00F9220F001092AA03902FF2000021A93A00F9220F001092AA03902FF2000021A93A00F9220F001092AA03902FF2000021A93A00F9220F001092AA03902FF2000021A93A00F9220F001092AA03902FF2000021A93A00F9220F001092AA03902FF2000021A93A00F9220F001092AA03902FF2000021A93A00F9220F001092AA03902FF2000021A93A00F9220F001092AA03902FF2000021A93A00F9220F001092AA03902FF2000021A93A00F9220F001092AA03902FF2000021A93A00F9220F001092AA03902FF2000021A93A00F9220F001092AA03902FF2000021A93A00F9220F001092AA03902FF2000021A93A00F9220F001092AA03902FF2000021A93A00F9220F001092AA03902FF2000021A93A00F9220F001092AA03902FF2000021A93A00F9220F001092AA03902FF2000021A93A00F9220F001092AA03902FF2000021A93A00F9220F001092AA03902FF2000021A93A00F9220F001092AA03902FF2000021A93A00F9220F001092AA03902FF2000021A93A00F9220F001092AA03902FF2000021A93A00F9220F001092AA03902FF2000021A93A00F9220F001092AA03902FF2000021A93A00F9220F001092AA03902FF2000021A93A00F9220F001092AA03902FF2000021A93A00F9220F001092AA03902FF2000021A93A00F9220F001092AA03902FF2000021A93A00F9220F001092AA03902FF2000021A93A00F9220F001092AA03902FF2000021A93A00D99B9C9C8C63406F6FEFC0C0407CA3BFBF3FFEF795AF7C65AD56CB7AD500E872F20040F66EBBEDB69E55AEB9E69AA9A9A9AC570D802E270F0064AFD1686CDBB66D791878E31BDFD8DFDF5FAFD7B35E3500BA9C3C00900BEF7BDFFB2EB9E492561E78E73BDF39363696F54A01D0FDE40180BCB8ECB2CB9A6160F7EEDDA552A9D16864BD4600743F7900202F3EF7B9CFBDEC652F8BF3C0F0F0B06F0E0010863C009023D75E7B6D330F64BD220014853C0090230B0B0B711E7099510082910700F2C57C640084A4EA009CD768342627274746468686864AA5D2EAD9000A22DEF6F82F50A9542626265CED14A008E40180687A7A3A1E07C761E0965B6EB9EBD0A1278E1D3BB3B858CC166F7BFC173878F0E09E3D7BE2BF499C0AB2DE3900A44B1E000AAD5EAF57ABD55DBB761D7FF2F899C533DAF2F6F4334FC7A920FEE32C2C2C64BDA300488B3C0014571C060606063E71F3C7CF2C3EAFADD76EBFE3F61D3B76CCCFCF67BDBB0048853C001457B55A5D0A033FD0366E771DFAECCE9DBF94F5EE022015F2005050D3D3D3BB765DB778B6A1B5D37EF7BDD7DF78E31F64BDD300489E3C001451A3D128954A4F9E985F3CFB9CD64E3B75FA3BDBB7BFD1C40800DD471E008A686262A25AAD2E9EFD7EAB5D33FC9FDBBC22E7F26715AADD78E3EF8F8D8D65BDEB0048983C001451A5523978EB5FFF280C5CB7EB9B51F4B517A22F2F465F7C3E7AE8F9E8815367F7DF7AF7674E7CF7FE33D1E71BD1FD8DE89EEF479FFD41F427F73CF2F6D177643E34CFA41D3E323B303090F5AE032061F2005044E572F9E8D10717CF9E6EB69E9E9E535174FA5CF4DDB3D1B7CF44DF8FA2DFFEEFEFEFF937AF1ABCAE7262313AFE7C74FC07D17C237AE26CF437FFF2D0D22982D3056CA74E3FDBDBDB9BF5AE032061F20050447D7D7DCF3C7B62F1ECA9668B87F8DF7F217AFE85F3BF3A7BEEFCBF9FBAF3D397FFBBD7FF8F0FFCF1D9283A7936FAEE62F4EDC5A81E459FFDC2C34B79E054315BBCEDD9EE380012E7C80E14D1D298FE64ABC53F9E3E1B3DFB5C74E6857F7D40BD5EFFF09FFEF91F7CF04F8F7FE3FC545C8BE7A2334B39E1BEC30FAD786EA19A3C00D07D1CD981225A1AD37FAFD5CEE78117A2A7BF1F3D752A5A8CA233CF3F5FBEEAAA9E9E97F6F4F4FEEAAFED59FEC4078E3CB8E2B9856AF20040F77164078A68694CFFDD566B7E5EE8D9E7A26F9C8CBEF583E881A35FB9ECB2CB5E7AC9CB5FF1E33F35F2EB2FCA035F387C64C5730BD5E40180EEE3C80E14D1D298BEDE6AF18FCF9D8BBEDD387F7EE0E91F4487BE507BC3F637FDD4BFFDE91FEF7BCD9FFF9FBFF941149D7A3EFAFEF3E79F78CFEC17563CB7504D1E00E83E8EEC4011C5E3DAB367BFD36ACD616E1C09BEBB187DE74CF48D938BF73D32BFFDDF5F7DCD7FFC4FDF7A3E7AAA117DAB113DFB7C1427827BEEFFC28AE716AAC90300DDC7911D28A21563FAA16B763EFCA52F3FF0486D76AE76EF91DABD0F3E7EDFC3C7FEF1FE2FFECB235FFDDC91C7FFF9C863F73EF8D8EC438F3FF2E5AFDFF4BF6E7EEBEEB7663E2E970700488A233B50444B79E0DBCBDBBBDEF58E762627FE955FFDD5154F2C54930700BA8F233B50444B79E0596DB34D1E00E83E8EEC40119DCF032F3CA36DB6C90300DDC7911D28A2A53CF0B4B6D9260F00741F4776A08896F2C0B7B4CD367900A0FB38B20345B494079ED236DBE40180EEE3C80E14D1521E58D036DBE40180EEE3C80E14913C200F00D0E4C80E14D1521EF866B2ADB5CCD5B316ACF7C84D2D768397BB88C55EF43666BDEB004898233B5044F1B8F68517BE91785BBED8D6EDD5AFB5F1AB5F704EB4F5969FD246AD58B7AC771D00097364078A6869E87C22EDF6C3E1FBDAF7B77EBBFAC78D97D9FE8D34B628EB5D0740C21CD981225A1A313F99525BE73FF57FF4DBD6BFCBEF5971E7EADFAEF9126B3E3DBDAD930700BA8F233B50444B23E6E3C9B61F0ED08FB716DECE8DF57EBBFE8785D678D6F2DFA6B169CB5F34EB5D0740C21CD981225A1A347F3DF1D65CEC3AE3F8351EB9E2F6EA1BEDDC5E7E23A5ED5AFEA259EF3A0012E6C80E1451DA7960E321FB7A69E1820F5B9107D67B39790080F639B20345B43474FE5AE2ADB9D875C6F16B3C72C5EDD5373678E4C6CF4AA9C90300DDC7911D28A2F343E773F389B7E6625B0B5F7DA3CD876D747EE0C50BD9E05552DAC0AC771D00097364078A6869E8FCD5C45B73B1AD85B77E5CF1726B3E60F9C3963FFE82B757BF4A4A5BD75C72D6BB0E808439B20345B43462FE4AE2AD9DC52E7F4CF376EB9E359FBEDE32973FAB9DE524B58159EF3A0012E6C80E14D1D288F958B2ADB9CC0D3FEA73EC225E77CDA7B416B8E201CB5F2B8D260F00741F4776A0889646CC4F689B6DF20040F77164078A68290F7C59DB6C930700BA8F233B5044F2803C004093233B5044F1B8F6DCB9C7B5CD367900A0FB38B20345B494071ED336DBE40180EEE3C80E14D1521EA8699B6DF20040F77164078A68290F7C49DB6C930700BA8F233B5044BDBDBDCF3DF7E0B9735FD436D5E40180EEE3C80E1451A954FAEA573F73EEDC516D534D1E00E83E8EEC40110D0F0FFFC3F48173D1A35AFBED4BB54F95CBE5AC771D0009930780221A1F1F1F1BFB8DCC47D89DD5FE62E203D56A35EB5D0740C2E401A088E6E7E7CBE5D73DD778E05CF488D666AB54AE9D9A9ACA7AD7019030790028A87DE78D9E8B1ED6DA697F35F9472323C359EF340092270F0005D568348686AE9E9DFD64143DA46DDC16160E95CBAFABD7EFC97AA701903C790028AE5AAD36307055AD36154573DA7A2D0E0371709A99F978D6BB0B8054C80340A1CDCECEC691607CFCB7A2E8416D759B9AFA50B95C9A99F9DF59EF2800D2220F0045D76834C6C6AA43436F9A98F8BD8585CF46D111AD5EFFA7C9C93F1C19D955A90CC5B7B3DE4500A4481E00386F6666A65AFDE5FEFE9FECA1A7A7AFEFC74646AE8B2341D6BB0580D4C90300F9E21AFF0084240F00E44B4F8F233300E1A83A00F9220F001092AA03902FF2000021A93A00F9220F001092AA03902FF2000021A93A00F9220F001092AA03902FF2000021A93A00F9220F001092AA03902FF2000021A93A00F9220F001092AA03902FF2000021A93A00F9220F001092AA03902FF2000021A93A00F9220F001092AA03902FF2000021A93A00F9220F001092AA03902FF2000021A93A00F9220F001092AA03902FF2000021A93A00F9220F001092AA03902FF2000021A93A00F9220F001092AA03902FF2000021A93A00F9220F001092AA03902FF2000021A93A00F9220F001092AA03902FF2000021A93A00F9220F001092AA03902FF2000021A93A00F9220F001092AA03902FF2000021A93A00F9220F001092AA03902FF2000021A93A00F9220F001092AA03902FF2000021A93A00F9220F001092AA0390BDC9C9C93806F4F6F60E0C0CC437FAFBFBE37F5FF9CA57D66AB5AC570D802E270F0064EFB6DB6EEB59E59A6BAE999A9ACA7AD500E872F20040F61A8DC6B66DDB96878137BEF18DFDFDFDF57A3DEB5503A0CBC90300B9F0BEF7BDEF924B2E69E58177BEF39D63636359AF1400DD4F1E00C88BCB2EBBAC190676EFDE5D2A951A8D46D66B0440F7930700F2E2739FFBDCCB5EF6B2380F0C0F0FFBE6000061C803003972EDB5D736F340D62B024051C8030039B2B0B010E70197190520187900205FCC47064048AA0E408ED4EBF56AB5EA32A30004230F00E4451C0376EEDCF9899B6F1E1A1A12090008431E00C885661878E0F091338B67E37F450200C2900700B2B73C0C349B48004018F20040C656870191008060E401802CAD1706440200C290070032B3711810090008401E00C8463B61402400206DF2004006DA0F03220100A992070042DB6C18100900488F3C0010D4C5850191008094C80300E1AC0E03B7DF71E75557959F38766CCD00F0F433CF6EDFBEFD1337DF2C120090127900209035C3406F6F6F4F4FCF9557965647826618E8592212009012790020840DC240D38A48B03C0C880400A4471E0048DDEA3070F2D4E9FEFEFE9E176B4582D56120168787E34F9E10090048963C0090AEF5BE401CDFD3D7D7B73A121C79F0C135C3C0ED77DCE9EBC500244E1E0048D1C657135A3312BCFCE52F6F270C88040024421E00484B3B97165D3312B41906440200B64E1E004845FBF30C6C10092E1806440200B6481E0048451C06EE3A74779B138DFDE3CC3FBDF4A52F5D11065EF29297DC7CF35FB4B984F8B5E24890F54603D079E4018054CCCDCDC591E0E9679EBDE0507ECDAB09B5BE5EBCDE54652B96108781F815B3DE68003A8F3C0090967622C10661A0CD48200C00B015F200408A368E046B868197BCE425ED47026100802D920700D2B55E24586FD2B13FF9E89FAE392FC1EA48200C00B075F20040EA564782F5C240F36A42EB4D55B63C1208030024421E0008617524D8B3E76D6B8681F52E42BA6BD7AE93A74E0B0300244B1E0008E4939FFCE47A9160CD790696470261008094C80300A96B341A6363638383836B9E25D860D2B166245811062EBFFCF2385A64BD4D0074097900205DD3D3D3E572797C7CBCF9E3EA48B0F11CC68F1E3DBAE2CCC0D4D4541C2DE28011C78C6C370D802E200F00A4A55EAF57ABD5E1E1E1F9F9F9E5F7B73F55D90657138A03C6C0C0C0ECEC6C061B06401791070052313939592E97272626D6FCED6623C19ADF19A8D56A4E1400B045F20040C2161616868787474646E21B1B3CACFD48B0F117889D2800602BE40180241D3870A05C2E4F4F4FB7F3E07622413B571372A200808B260F0024A339281F1D1DADD7EBED3F6BE348B0A94B8B3A5100C04590070012B095B1F87A91E022E61970A20080CD920700B624CE00E572798B43F0D591602B938E39510040FBE401808BD49A65AC56AB6D7D69CB23C1D6672076A2008036C903001763C52C6389684682278E1DDB62186871A200800B9207003667BD59C61211C78052A99448186872A200808DC903009BB0F12C63B9E5440100EB910700DAD2E62C63B9E54401006B9207002E6C53B38CE599130500AC200F006CE4E26619CB33270A00584E1E00585717FF6F7A176F1A009B220F00AC219159C672CE8902002279006085646719CB3F270A000A4E1E00F891346619CB3F270A008A4C1E00382FD559C63A82130500C5240F0074EA2C638973A200A080E401A0D03A7D96B1343851005028F200505C5D33CB58E29C2800280E790028A2EE9B652C0D4E140014813C00148E616EFB9C2800E87AF20050204598652C0D121440179307804228DA2C638973A200A05BC90340F72BE62C636970A200A0FBC803403733CB58E29C2800E832F200D0B5CC32961E270A00BA863C007421B38C05E0440140779007806E6396B1909C2800E874F200D03DCC329609270A003A9A3C007409FF519D2D7F7F800E250F001DCF2C6339E1440140279207800E6696B11C72A200A0B3C80340A732CB586E395100D041E401A0F39865AC23385100D011E401A0C39865AC83385100907FF200D031CC32D6A19C2800C8337900E80C6619EB684E1400E4963C00E49D59C6BA8613050039240F00B96604D9659C2800C81B7900C829B38C7531310F203FE4012077CC3256044E1400E4843C00E48B59C60AC5890280CCC903405E9865AC989C2800C8963C00E48259C60ACE890280ACC80340C6CC324693130500999007802C99658C159C2800084C1E00B2619631D6E344014048F2009001FF07CC0579930084210F00A9B8FEFAEBD7FC72B059C668DF7A270A3EFAD18FC66FB0ACD60AA0CBC80340F2DEF5AE77F5F4F46CDBB66DF930CE2C635C9C15270AEAF57AFCEE7ACD6B5E13BF9DB25D3180EE200F0009BBFFFEFB7B96BCE10D6F989A9A6ADE699631B662F989820F7FF8C3CD37581C097CF90460EBE4012061575C714573B876E9A597BEFEF5AFFFDAD7BE66963112D13C5170F9E59737DF603FFDD33FFD9BBFF99B59AF1440C7930780247DE4231FE979B16DDBB6DD74D34D59AF175DE2D77FFDD797BFBB5EFBDAD7CECDCD65BD52009D4D1E001253AFD77B7B7B57E481ABAFBE7A646424EB55A31B5C7FFDF52BDE5D2F7FF9CBDFF4A63765BD5E009D4D1E001253A9545EF18A570C0C0C6CDFBEFD55AF7AD5CFFDDCCF954AA53821AC79A121D8ACB1B1B13803F4F7F797CBE55FFCC55F8CDF6C975E7AE9CFFEECCF7A83016C853C0024667070301EAEBDFAD5AFBEEAAAABDEFBDEF7CECCCCF8CE00898BDF54F15B6BDFBE7DD56A35CE9CF15BEECA2BAFCC7AA5003A983C0024C6045284D7BAF450D62B02D0A9E401B8488D46637272726464646868A8542AF51455BCEDF15FA052A94C4C4CB8F82321E9834DFA20B045F2005C8CE9E9E9B806C703915B6EB9E5AE43879E3876ECCCE262315BBCEDF15FE0E0C1837BF6EC89FF263EC94D18FAA03E0824451E80CDA9D7EBD56A75D7AE5DC79F3C7E66F18CB6BC3DFDCCD3F18824FEE32C2C2C64BDA3E85AFAA03E08244B1E804D8807220303039FB8F9E367169FD7D66BB7DF71FB8E1D3B7C939834E883FA209038790036A15AAD2E0D447EA06DDCEE3AF4D99D3B7F29EBDD4517D207F5412071F200B46B7A7A7AD7AEEB16CF36B476DAEFBEF7FA1B6FFC83AC771A5D451FD4078134C803D09646A3512A959E3C31BF78F639AD9D76EAF477B66F7F63AD56CB7AD7D125F4417D1048893C006D999898A856AB8B67BFDF6C9BBD2060EB89856A37DEF8FBAE0A4F52F4417D1048893C006DA9542A076FFDEB156391B1F7BDEFDBCF9D3D71327AF44474783EBAEF58F48FB5E8D347A34F3D14FDDDC3D1A71F8F7EFB7F7EACC86391C34766070606B2DE7574097D501F0452220F405BCAE5F2D1A30F2E9E3DDD6CF1F0E2A1E3E7FF1DBAF63FFCCBDC974E3C171DF97A74DF57A27F7C2C9A3E1A1D3A16FDDD03CF0C5746E2077CFCD0534B6391D3056CA74E3FDBDBDB9BF5AEA34BE883FA2090127900DAD2D7D7F7CCB32716CF9E6AB6787871FC64F4D5EF45BFFF277F19DFFEE09FFED913DF8966E7A3BB6BD1EC93D147FFEF9DF19D6FFBED0F4F3D1ADDF670B434163955CC166F7BD6BB8E2EA10FEA83404A1C26A02D4BE38993AD16FFF8B57A547B2A9AFF5EF4A97F998F7FFC95DDBF765FEDDB0F1C3FF78EF7BC37FE71FF5F1F9EFE72F4B787A3BF39BCF2B9856AC62224451FD4078194384C405B96C613DF6BB5F8C76F7C2F7AECA9E89113D1E3CF440F7D23FAAFBFFD47CD8F2957FECB7FBBE3E11F7CE6B1E8B623E7C722071F5CF9DC4235631192A20FEA83404A1C26A02D4BE389EFB65AFCE353A7A363CF445FFC66F4E0D7CFDDF7E5339FFF7AF4677FFB850FFEC55D773D16FDFDDCE21D0F9DFBFBB9E8D623D16D732B9F5BA8662C4252F4417D104889C304B465693C516FB5F8C76F37A2E3DF891E7972F19F1F7BEE9EC7CFDCFF95E881E3D1FDC7CF7F9DF1537367FEDFE79FBBEDF0D9BF7F289A7A68E5730BD58C45488A3EA80F0229719880B6C435F5ECD9EFB45AFCE3C933D1E30B671EFEFAF35FFC66F4F089E80B5F8BEE3D16CD7C39BAAB167DFA8BE72F77F857B3CFFFE5E7179B6391E5CF2D5433162129FAA03E08A4C46102DAB27A2CB2F0BDB327EA2F9CF8EEBF7E6261EEC9E8FEF9A5E1C8E3D15D5F3A7F05F43B1F8D0E1E3EFB579F5F341681ADD307F54120250E13D096A5F1C4B75BAD8DE9505F64F9730BD58C45488A3EA80F0229719880B62C8D279ED536DB8C45488A3EA80F0229719880B69C1F8BBCF08CB6D9662C4252F4417D104889C304B465692CF2B4B6D9662C4252F4417D104889C304B465692CF22D6DB3CD5884A4E883FA209012870968CBD258E4296DB3CD5884A4E883FA209012870968CBD2586441DB6C33162129FAA03E08A4C46102DA622C622C42B6F4417D104889C304B465692CF2CDF45A6BF92B5E68F98F17BCBDC635D7D7799560CD5884A4847FF7B6D36193EDCBFA2090098709684B5C535F78E11BC9B6E5CB5CEFF69ABF5ABD326B3E7DE3878569C6222425A53EB8C2C65D75BD1B09F6657D1008CF6102DAB254B64F24DB962F33D9E5FF7064B3F6FDADDFAEF8318D662C4252527A97B616BB71A758FDB0D577A6D197F5412000870968CB528D7F32D9B6FAFF2657FD57E5051EDCCE0297FFB6F5EFF27B56DC99F83666BDEBE81229BD4B57F782D53D658367A5D497F5412024870968CB52C13E9E52DB60E13F1C2B6CF4E0D6635ABF6AE7C67A7726BE6959EF3ABA444AEFD2170FCA7FD41DD6EB326B0DE513EBCBFA209009870968CB52E5FE7A4A6DE385AFF8ED9A0F6EDEB9CE6065DDA5B56EA7B775C6222425A577E9EA5ED0EA4DEDF49476BAE7C53D581F0482719880B6A49D073618C4AF39CA5FF1C8152398356F5CF0E9C622E4597A7960E3DE74C1CE986C5FD60781F01C26A02D4BD5FA6B69B4E692972F7FC56B6DFCE38A85AC35C858E3912B6EA7BA7559EF3ABA444AEFD2D5BD607597DCA0F7ADEE505BECCBFA20109EC304B4E57CE53E379F466B2DB97963F50B2DBF67E3C7AC58D4EA47B6F9B064B72EEB5D479748E95DBABC176CD0235A7D678DC89D685FD60781F01C26A02D4B65FBAB89B7158B5DF3555A772EFFED9A4F5CF1C81F0E56D65DD48BC734C96F5DF325B2DE75748934DEA5AB46F617E898ABD761BD5F5D745FD60781F01C26A02D4B35FB2BC9B6E5CBFCE170E44737563C6CF50AAC78FA665F6EF93D696C5D6BC959EF3ABA447AEFD215BD6083DEB15E374CB02FEB8340780E13D096A5827D2C8DF6C341C3DA77B6FE5DCFA61E13BE198B9094B4DFC3AB7BCA9A1D7383CEBBF5BEAC0F0299709880B62C55EB27B4CD36631192A20FEA83404A1C26A02D4B63912F6B9B6DC62224451FD4078194384C405B8C458C45C8963EA80F0229719880B6C435F5DCB9C7B5CD36631192A20FEA83404A1C26A02D4B6391C7B4CD36631192A20FEA83404A1C26A02D4B63919AB6D9662C4252F4417D104889C304B465692CF2256DB3CD5884A4E883FA2090128709684B6F6FEF73CF3D78EEDC17B54D35631192A20FEA83404A1C26A02DA552E9AB5FFDCCB97347B54D35631192A20FEA83404A1C26A02DC3C3C3FF307DE05CF4A8D67EFB52ED53E57239EB5D4797D007F5412025F200B4657C7C7C6CEC3732AFEE9DD5FE62E203D56A35EB5D4797D007F5412025F200B4657E7EBE5C7EDD738D07CE458F686DB64AE5DAA9A9A9AC771D5D421FD4078194C803D0AE7DE78D9E8B1ED6DA697F35F9472323C359EF34BA8A3EA80F02699007A05D8D466368E8EAD9D94F46D143DAC66D61E150B9FCBA7AFD9EAC771A5D451FD4078134C803B009B55A6D60E0AA5A6D2A8AE6B4F55A3C1089076D33331FCF7A77D185F4417D10489C3C009B333B3B1B0F47C6C77F2B8A1ED456B7A9A90F95CBA59999FF9DF58EA26BE983FA20902C790036ADD1688C8D558786DE3431F17B0B0B9F8DA2235ABDFE4F93937F3832B2AB52198A6F67BD8BE872FAA03E0824481E808B34333353ADFE727FFF4FF6D0D3D3D7F7632323D7C5C391AC770B05A20F2EA70F02174D1E001256AD565DE29030666767B35E05808E270F00099B9F9FAF542A43434373737359AF0B5DAB5EAFEFDDBB77707030EB1501E878F200908A99999981818178C4168FDBB25E17BACDD4D454B95CDEBF7F7FD62B02D00DE4012045F188AD542A19B79194858585E1E1E14AA512DFC87A5D00BA843C00A4ABF9B98E72B93C333393F5BAD0D9C6C7C7E337D2F4F474D62B02D055E40120845AAD36343454A954E6E7E7B35E173ACFECECECE0E0E0D8D8988F9F01244E1E00C2697EEC3B1ED5351A8DACD785CE100780F80D13870197120248893C0004152781F1F1F152A934393999F5BA9077D3D3D371808CDF3059AF0840379307800C2C2C2C8C8C8CF84F5FD613BF432A95CAF0F0B0EF0D03A44D1E0032D3FC50F8E8E8A8311FCBEDDFBFBF5C2E9BD50E200C7900C8D88103079A9F09F1A5026AB55A1C114D5B0110923C0064AFF99DD181810197922CAC380DC6EF813819FA08194060F2009017B55A6D78497C23EB752128DF1B06C8903C00E44B7368E84AF305D1FC66791C024D4C0190157900C8A3E64CB4070E1CC87A4548D1C4C444BC975D7916205BF20090530B0B0BA3A3A30303033E50DE7D9ADF1BAE56ABCE0201644E1E00726D6E6E2E1E388E8C8CB8266977687E6F58CC03C80F7900E800939393A55269DFBE7DAE49DAD1666666E224E0DAB200B9220F009D211E41C679C034551DAA5EAF57ABD5A1A121178F02C81B7900E824F3F3F3954A251E56CECDCD65BD2EB46B6262A2542AC5FF66BD2200AC411E003A4FF3632766B1CDBF5AAD168737DF1B06C8337900E854FBF7EF2F954AF1BF59AF086B68341AE3E3E3716C8BC35BD6EB02C046E401A083D5EBF5BD7BF796CB6583CE5C999D9D8D93C0D8D898EF0D03E49F3C0074BCE687522A958A396E33D7FCDEF0E0E0A0EF0D03740A7900E812535353E572D9FF496768727232DE05BE370CD059E401A07B343FB35E2A95E28169D6EB522CF3F3F3C3C3C3A68D03E844F200D06DE221693C301D1C1C34036E1871062B97CBD3D3D359AF080017431E00BA531C06E248303A3AEA7FACD313FF917D460BA0D3C90340373B70E0403C601D1F1F37604D56F3CA4EBE370CD005E401A0CBC523D7B1B1B18181011F68494AF3ABDB667E00E80EF2005008B55A6D7889FFCFDE8A858585F86F58A9547C0A0BA06BC80340814C4F4F373FEF5EAFD7B35E97CEE37BC3005D491E000AA739AE3D70E040D62BD2319A5FCE96A300BA923C0014D1C2C2C2E8E8E8C0C0806B926EACF9ED0B176F05E862F200505C737373F148D72C5AEB697EBC6A7C7C3CEB15012045F2005074939393A55269DFBE7DAE49DA1207A44AA5323C3C2C2901743D7900208A93409C07CAE5F2D4D454D6EB92BDFDFBF7FB530014873C00F0AFE6E7E72B95CAD0D0D0DCDC5CD6EB928D5AAD363838B877EF5EDF1B06280E7900E0456666660606068A36266E341A636363E572D9F786018A461E0058C3FEFDFB4BA55241A6E0F5BD618022930700D656AFD7F7EEDD1B0F94676666B25E97B42C2C2C8C8C8C0C0F0FCFCFCF67BD2E0064431E00D848AD561B1A1AAA542ADD37629E989888D3CEE4E464D62B024096E401800B9B9A9A8A87CE636363DD714DD2E6F786ABD56AA1BE2301C09AE40180B6C449607C7CBC542A75F47FA837BF376C6266005AE401804D687EE07E7070B013C7D3CD4B27C5A9A63BCE72009008790060D3E230104782D1D1D144A6EF8D47E7535353FBF6ED6BCE7ED0343C3C1CDF333131B1A997B8FEFAEBE3A7ACBEBF5EAF57ABD578B1B55A6DEB2B0C40379107002ED28103079A97E95CF1DFED1FFDE847E371793B4B8863409C017A2E646060207EAD0BFEA7FEBBDEF5AEF8C1DBB66D5BF1C83821944AA535730200C8030017AF5EAF373F8E3F3D3DDDBA271E94BFE635AF89EFDFE089333333838383174C02CBC563FA383FACB7C0FBEFBFBFF9B037BCE10DAD87352F8EE47BC3006C401E00D8AA78D83DBC24BEF1E10F7FB8392EEFEBEB5B7314DE6834E201FAEA3300BFFBBBEF3D78F0D6BB0EDDDD6A37DCF0FE5DBB76AD7864A5525973B1575C7145F301975E7AE9EB5FFFFAA79E7A6A7C7C3C5E6C174F9E004022E40180644C4F4FC783F24B2EB9A4352EBFEEBAEB563C66616161C5698177BFFB3D4F1C3B7666F1EC7AEDE9679EFDD84D37F5F7F72F3F51303737B77CB11FF9C84756C486DEDEDEBD7BF7FADE300017240F0024E3FAEBAF5F31287FED6B5FFBC10F7EB0F580F9F9F97828DFFAEDF0F0F0C64960452AB8E186F72F1FEEB72E7054AFD7E31F579F70181919C9E82F01402791070092313636160FC4FBFBFB7FFEE77FFEF2CB2FDFB66DDB4FFCC44FFCCCCFFC4C73E0DE6834969F19F8C08D37B6990496B75B6EF9CBD6D03F8E16CD4B0F552A9557BCE2157100B8FAEAAB5FF5AA575D71C515F1AFE287F9023100ED90070092343F3F3F3333B36FDFBE37BFF9CDAF7EF5ABE381FB2FFCC22FC4F78F8C8CB4C2C0C183B75E441868B6070E1FE9EBEB6B2E676868285E723366C4D9E375AF7BDDEFFCCEEFC4AF1EAF43C67F05003A873C0090A2C9C9C952A9B47BF7EE2D9E1958DE6EBFE3CED6D2F6EFDF3F3E3E5E2E975B173802804D91070052373030D0FACEC016C340B3B5BE4BD0DFDFEF4BC3006C853C0090AEC9C9C9D697808F3F7922913C70F2D4E9D61587F6EEDD9BF52602D0C1E40180740D0D0DB52E2D9A481868B64FDC7C7373B17D7D7D596F22001D4C1E00485173BAE2A6A44E0EB4DA9557FEEBD54B4D3A06C04593070052343131D1BA1650B261206E6F7FFB3B9A0B1F1B1BCB7A4301E854F200408A46474793BAACD0EA76D7A1BB9B0B1F1C1CCC7A4301E854F200408A8687879B43F6DBEFB833F13CF0C4B163ADB9C9B2DE50003A953C0090A2D695461F387C24F13C10B7D69713B2DE50003A95120290A2D655419F38762C8D3CD05A7ED61B0A40A752420052542E979BE3F5478F1E4D230FF4F6F6CA03006C85120290A2D6E403771DBA3BF130F0F433CF9A8200802D9207005254AD569B43F68FDD7453E279E0D1A3479B0B1F1818C87A4301E854F200408AC6C7C79B43F63D7BDE96781EF8C08D3736173E323292F58602D0A9E4018014D56AB5D6477A4E9E3A9D6C1ED8B9736773E1131313596F28009D4A1E004857A9546A8EDA0F1EBC35C130D09A7C2056AFD7B3DE4A003A953C0090AEB1B1B1E6A87DFBF6ED099E2278F35BDED25C6CA552C97A1301E860F20040BAEAF57A6B96800FDC78632261E09E7BEF6B9D1C989B9BCB7A1301E860F20040EAF6EFDFDF1CBBF7F6F66EFDC2A34F1C3BD60A18A3A3A3596F1C009D4D1E0008617070B039828F87F25B99ABF8E4A9D3DBB76F6F2D6A616121EB2D03A0B3C9030021CCCFCFF7F5F5B5C6F10F1C3E721161E0F893275A61A0B7B777666626EBCD02A0E3C9030081C4C3F7D687FEE3D1FC666728BBE7DEFB5A1F138AEDDFBF3FEB0D02A01BC80300E14C4D4DB5CE1234AF3874FB1D77B6735AE0ADBB77F72C230C009014790020A85AAD562E97970FEEE35470C30DEF7FF4E8D1D531E06337DDB46BD7AEE50F8EE3848F09019020790020B47ABDBE6FDFBEDEDEDE9EB5ECD8B163BD5F8D8C8CF8023100C9920700B2118FECABD5EA9AE3FED5868686666767B35E6500BA903C0090A546A33139391907838181811519A0542A552A9503070E382700407AE4010000282E790000008A4B1E000080E292070000A0B8E401000028AEFF0F408FCCBF63B81D350000000049454E44AE426082, '0');
INSERT INTO `act_ge_bytearray` VALUES ('90007', '1', 'WeChat.bpmn', '90005', 0x3C3F786D6C2076657273696F6E3D22312E302220656E636F64696E673D225554462D38223F3E0A3C646566696E6974696F6E7320786D6C6E733D22687474703A2F2F7777772E6F6D672E6F72672F737065632F42504D4E2F32303130303532342F4D4F44454C2220786D6C6E733A7873693D22687474703A2F2F7777772E77332E6F72672F323030312F584D4C536368656D612D696E7374616E63652220786D6C6E733A61637469766974693D22687474703A2F2F61637469766974692E6F72672F62706D6E2220786D6C6E733A62706D6E64693D22687474703A2F2F7777772E6F6D672E6F72672F737065632F42504D4E2F32303130303532342F44492220786D6C6E733A6F6D6764633D22687474703A2F2F7777772E6F6D672E6F72672F737065632F44442F32303130303532342F44432220786D6C6E733A6F6D6764693D22687474703A2F2F7777772E6F6D672E6F72672F737065632F44442F32303130303532342F44492220747970654C616E67756167653D22687474703A2F2F7777772E77332E6F72672F323030312F584D4C536368656D61222065787072657373696F6E4C616E67756167653D22687474703A2F2F7777772E77332E6F72672F313939392F585061746822207461726765744E616D6573706163653D22687474703A2F2F7777772E61637469766974692E6F72672F74657374223E0A20203C70726F636573732069643D2277654368617422206E616D653D227765436861742220697345786563757461626C653D2274727565223E0A202020203C73746172744576656E742069643D2273746172746576656E743122206E616D653D225374617274223E3C2F73746172744576656E743E0A202020203C656E644576656E742069643D22656E646576656E743122206E616D653D22456E64223E3C2F656E644576656E743E0A202020203C6578636C7573697665476174657761792069643D226578636C7573697665676174657761793122206E616D653D224578636C75736976652047617465776179222064656661756C743D22666C6F7734223E3C2F6578636C7573697665476174657761793E0A202020203C726563656976655461736B2069643D2273656E6422206E616D653D22E58F91E98081E9809AE79FA5223E0A202020203C657874656E73696F6E456C656D656E74733E0A2020202020202020202020203C61637469766974693A657865637574696F6E4C697374656E6572206576656E743D2273746172742220636C6173733D22636F6D2E68616E642E61637469766974692E6C697374656E65722E53656E645461736B4C697374656E6572223E3C2F61637469766974693A657865637574696F6E4C697374656E65723E0A202020203C2F657874656E73696F6E456C656D656E74733E0A202020203C2F726563656976655461736B3E0A202020203C726563656976655461736B2069643D2243616E63656C53656E6422206E616D653D22E58F96E6B688E58F91E98081223E0A202020203C657874656E73696F6E456C656D656E74733E0A2020202020202020202020203C61637469766974693A657865637574696F6E4C697374656E6572206576656E743D2273746172742220636C6173733D22636F6D2E68616E642E61637469766974692E6C697374656E65722E43616E63656C53656E645461736B4C697374656E6572223E3C2F61637469766974693A657865637574696F6E4C697374656E65723E0A202020203C2F657874656E73696F6E456C656D656E74733E0A202020203C2F726563656976655461736B3E0A202020203C73657175656E6365466C6F772069643D22666C6F77342220736F757263655265663D226578636C7573697665676174657761793122207461726765745265663D2273656E64223E3C2F73657175656E6365466C6F773E0A202020203C73657175656E6365466C6F772069643D22666C6F77352220736F757263655265663D226578636C7573697665676174657761793122207461726765745265663D2243616E63656C53656E64223E0A2020202020203C636F6E646974696F6E45787072657373696F6E207873693A747970653D2274466F726D616C45787072657373696F6E223E3C215B43444154415B237B73656E64203D3D202766616C7365277D5D5D3E3C2F636F6E646974696F6E45787072657373696F6E3E0A202020203C2F73657175656E6365466C6F773E0A202020203C73657175656E6365466C6F772069643D22666C6F77362220736F757263655265663D2273656E6422207461726765745265663D22656E646576656E7431223E3C2F73657175656E6365466C6F773E0A202020203C73657175656E6365466C6F772069643D22666C6F77372220736F757263655265663D2243616E63656C53656E6422207461726765745265663D22656E646576656E7431223E3C2F73657175656E6365466C6F773E0A202020203C757365725461736B2069643D22617070726F766522206E616D653D22E9809AE79FA5E5AEA1E689B9222061637469766974693A61737369676E65653D22247B757365727D223E3C2F757365725461736B3E0A202020203C73657175656E6365466C6F772069643D22666C6F77392220736F757263655265663D22617070726F766522207461726765745265663D226578636C75736976656761746577617931223E3C2F73657175656E6365466C6F773E0A202020203C73657175656E6365466C6F772069643D22666C6F7731302220736F757263655265663D2273746172746576656E743122207461726765745265663D22617070726F7665223E3C2F73657175656E6365466C6F773E0A20203C2F70726F636573733E0A20203C62706D6E64693A42504D4E4469616772616D2069643D2242504D4E4469616772616D5F776543686174223E0A202020203C62706D6E64693A42504D4E506C616E652062706D6E456C656D656E743D22776543686174222069643D2242504D4E506C616E655F776543686174223E0A2020202020203C62706D6E64693A42504D4E53686170652062706D6E456C656D656E743D2273746172746576656E7431222069643D2242504D4E53686170655F73746172746576656E7431223E0A20202020202020203C6F6D6764633A426F756E6473206865696768743D2233352E30222077696474683D2233352E302220783D223436302E302220793D2232302E30223E3C2F6F6D6764633A426F756E64733E0A2020202020203C2F62706D6E64693A42504D4E53686170653E0A2020202020203C62706D6E64693A42504D4E53686170652062706D6E456C656D656E743D22656E646576656E7431222069643D2242504D4E53686170655F656E646576656E7431223E0A20202020202020203C6F6D6764633A426F756E6473206865696768743D2233352E30222077696474683D2233352E302220783D223436302E302220793D223531302E30223E3C2F6F6D6764633A426F756E64733E0A2020202020203C2F62706D6E64693A42504D4E53686170653E0A2020202020203C62706D6E64693A42504D4E53686170652062706D6E456C656D656E743D226578636C75736976656761746577617931222069643D2242504D4E53686170655F6578636C75736976656761746577617931223E0A20202020202020203C6F6D6764633A426F756E6473206865696768743D2234302E30222077696474683D2234302E302220783D223435372E302220793D223332302E30223E3C2F6F6D6764633A426F756E64733E0A2020202020203C2F62706D6E64693A42504D4E53686170653E0A2020202020203C62706D6E64693A42504D4E53686170652062706D6E456C656D656E743D2273656E64222069643D2242504D4E53686170655F73656E64223E0A20202020202020203C6F6D6764633A426F756E6473206865696768743D2235352E30222077696474683D223130352E302220783D223237302E302220793D223431302E30223E3C2F6F6D6764633A426F756E64733E0A2020202020203C2F62706D6E64693A42504D4E53686170653E0A2020202020203C62706D6E64693A42504D4E53686170652062706D6E456C656D656E743D2243616E63656C53656E64222069643D2242504D4E53686170655F43616E63656C53656E64223E0A20202020202020203C6F6D6764633A426F756E6473206865696768743D2235352E30222077696474683D223130352E302220783D223537302E302220793D223431302E30223E3C2F6F6D6764633A426F756E64733E0A2020202020203C2F62706D6E64693A42504D4E53686170653E0A2020202020203C62706D6E64693A42504D4E53686170652062706D6E456C656D656E743D22617070726F7665222069643D2242504D4E53686170655F617070726F7665223E0A20202020202020203C6F6D6764633A426F756E6473206865696768743D2235352E30222077696474683D223130352E302220783D223432352E302220793D223232302E30223E3C2F6F6D6764633A426F756E64733E0A2020202020203C2F62706D6E64693A42504D4E53686170653E0A2020202020203C62706D6E64693A42504D4E456467652062706D6E456C656D656E743D22666C6F7734222069643D2242504D4E456467655F666C6F7734223E0A20202020202020203C6F6D6764693A776179706F696E7420783D223437372E302220793D223336302E30223E3C2F6F6D6764693A776179706F696E743E0A20202020202020203C6F6D6764693A776179706F696E7420783D223332322E302220793D223431302E30223E3C2F6F6D6764693A776179706F696E743E0A2020202020203C2F62706D6E64693A42504D4E456467653E0A2020202020203C62706D6E64693A42504D4E456467652062706D6E456C656D656E743D22666C6F7735222069643D2242504D4E456467655F666C6F7735223E0A20202020202020203C6F6D6764693A776179706F696E7420783D223437372E302220793D223336302E30223E3C2F6F6D6764693A776179706F696E743E0A20202020202020203C6F6D6764693A776179706F696E7420783D223632322E302220793D223431302E30223E3C2F6F6D6764693A776179706F696E743E0A2020202020203C2F62706D6E64693A42504D4E456467653E0A2020202020203C62706D6E64693A42504D4E456467652062706D6E456C656D656E743D22666C6F7736222069643D2242504D4E456467655F666C6F7736223E0A20202020202020203C6F6D6764693A776179706F696E7420783D223332322E302220793D223436352E30223E3C2F6F6D6764693A776179706F696E743E0A20202020202020203C6F6D6764693A776179706F696E7420783D223437372E302220793D223531302E30223E3C2F6F6D6764693A776179706F696E743E0A2020202020203C2F62706D6E64693A42504D4E456467653E0A2020202020203C62706D6E64693A42504D4E456467652062706D6E456C656D656E743D22666C6F7737222069643D2242504D4E456467655F666C6F7737223E0A20202020202020203C6F6D6764693A776179706F696E7420783D223632322E302220793D223436352E30223E3C2F6F6D6764693A776179706F696E743E0A20202020202020203C6F6D6764693A776179706F696E7420783D223437372E302220793D223531302E30223E3C2F6F6D6764693A776179706F696E743E0A2020202020203C2F62706D6E64693A42504D4E456467653E0A2020202020203C62706D6E64693A42504D4E456467652062706D6E456C656D656E743D22666C6F7739222069643D2242504D4E456467655F666C6F7739223E0A20202020202020203C6F6D6764693A776179706F696E7420783D223437372E302220793D223237352E30223E3C2F6F6D6764693A776179706F696E743E0A20202020202020203C6F6D6764693A776179706F696E7420783D223437372E302220793D223332302E30223E3C2F6F6D6764693A776179706F696E743E0A2020202020203C2F62706D6E64693A42504D4E456467653E0A2020202020203C62706D6E64693A42504D4E456467652062706D6E456C656D656E743D22666C6F773130222069643D2242504D4E456467655F666C6F773130223E0A20202020202020203C6F6D6764693A776179706F696E7420783D223437372E302220793D2235352E30223E3C2F6F6D6764693A776179706F696E743E0A20202020202020203C6F6D6764693A776179706F696E7420783D223437372E302220793D223232302E30223E3C2F6F6D6764693A776179706F696E743E0A2020202020203C2F62706D6E64693A42504D4E456467653E0A202020203C2F62706D6E64693A42504D4E506C616E653E0A20203C2F62706D6E64693A42504D4E4469616772616D3E0A3C2F646566696E6974696F6E733E, '0');

-- ----------------------------
-- Table structure for `act_ge_property`
-- ----------------------------
DROP TABLE IF EXISTS `act_ge_property`;
CREATE TABLE `act_ge_property` (
  `NAME_` varchar(64) COLLATE utf8_bin NOT NULL,
  `VALUE_` varchar(300) COLLATE utf8_bin DEFAULT NULL,
  `REV_` int(11) DEFAULT NULL,
  PRIMARY KEY (`NAME_`)
) ENGINE=InnoDB DEFAULT CHARSET=utf8 COLLATE=utf8_bin;

-- ----------------------------
-- Records of act_ge_property
-- ----------------------------
INSERT INTO `act_ge_property` VALUES ('next.dbid', '160001', '65');
INSERT INTO `act_ge_property` VALUES ('schema.history', 'create(5.22.0.0)', '1');
INSERT INTO `act_ge_property` VALUES ('schema.version', '5.22.0.0', '1');

-- ----------------------------
-- Table structure for `act_hi_actinst`
-- ----------------------------
DROP TABLE IF EXISTS `act_hi_actinst`;
CREATE TABLE `act_hi_actinst` (
  `ID_` varchar(64) COLLATE utf8_bin NOT NULL,
  `PROC_DEF_ID_` varchar(64) COLLATE utf8_bin NOT NULL,
  `PROC_INST_ID_` varchar(64) COLLATE utf8_bin NOT NULL,
  `EXECUTION_ID_` varchar(64) COLLATE utf8_bin NOT NULL,
  `ACT_ID_` varchar(255) COLLATE utf8_bin NOT NULL,
  `TASK_ID_` varchar(64) COLLATE utf8_bin DEFAULT NULL,
  `CALL_PROC_INST_ID_` varchar(64) COLLATE utf8_bin DEFAULT NULL,
  `ACT_NAME_` varchar(255) COLLATE utf8_bin DEFAULT NULL,
  `ACT_TYPE_` varchar(255) COLLATE utf8_bin NOT NULL,
  `ASSIGNEE_` varchar(255) COLLATE utf8_bin DEFAULT NULL,
  `START_TIME_` datetime(3) NOT NULL,
  `END_TIME_` datetime(3) DEFAULT NULL,
  `DURATION_` bigint(20) DEFAULT NULL,
  `TENANT_ID_` varchar(255) COLLATE utf8_bin DEFAULT '',
  PRIMARY KEY (`ID_`),
  KEY `ACT_IDX_HI_ACT_INST_START` (`START_TIME_`),
  KEY `ACT_IDX_HI_ACT_INST_END` (`END_TIME_`),
  KEY `ACT_IDX_HI_ACT_INST_PROCINST` (`PROC_INST_ID_`,`ACT_ID_`),
  KEY `ACT_IDX_HI_ACT_INST_EXEC` (`EXECUTION_ID_`,`ACT_ID_`)
) ENGINE=InnoDB DEFAULT CHARSET=utf8 COLLATE=utf8_bin;

-- ----------------------------
-- Records of act_hi_actinst
-- ----------------------------
INSERT INTO `act_hi_actinst` VALUES ('107503', 'weChat:1:90008', '97501', '97501', 'exclusivegateway1', null, null, 'Exclusive Gateway', 'exclusiveGateway', null, '2017-07-24 23:09:59.199', '2017-07-24 23:09:59.245', '46', '');
INSERT INTO `act_hi_actinst` VALUES ('107504', 'weChat:1:90008', '97501', '97501', 'send', null, null, '发送通知', 'receiveTask', null, '2017-07-24 23:09:59.245', '2017-07-24 23:10:51.257', '52012', '');
INSERT INTO `act_hi_actinst` VALUES ('107506', 'weChat:1:90008', '107505', '107505', 'startevent1', null, null, 'Start', 'startEvent', null, '2017-07-24 23:11:34.623', '2017-07-24 23:11:34.629', '6', '');
INSERT INTO `act_hi_actinst` VALUES ('107509', 'weChat:1:90008', '107505', '107505', 'approve', '107510', null, '通知审批', 'userTask', 'admin', '2017-07-24 23:11:34.629', '2017-07-24 23:12:03.475', '28846', '');
INSERT INTO `act_hi_actinst` VALUES ('107514', 'weChat:1:90008', '107505', '107505', 'exclusivegateway1', null, null, 'Exclusive Gateway', 'exclusiveGateway', null, '2017-07-24 23:12:03.475', '2017-07-24 23:12:03.476', '1', '');
INSERT INTO `act_hi_actinst` VALUES ('107515', 'weChat:1:90008', '107505', '107505', 'send', null, null, '发送通知', 'receiveTask', null, '2017-07-24 23:12:03.476', '2017-07-24 23:26:42.180', '878704', '');
INSERT INTO `act_hi_actinst` VALUES ('110001', 'weChat:1:90008', '97501', '97501', 'endevent1', null, null, 'End', 'endEvent', null, '2017-07-24 23:10:51.280', '2017-07-24 23:10:51.281', '1', '');
INSERT INTO `act_hi_actinst` VALUES ('112502', 'weChat:1:90008', '112501', '112501', 'startevent1', null, null, 'Start', 'startEvent', null, '2017-07-24 23:15:08.997', '2017-07-24 23:15:09.030', '33', '');
INSERT INTO `act_hi_actinst` VALUES ('112505', 'weChat:1:90008', '112501', '112501', 'approve', '112506', null, '通知审批', 'userTask', 'admin', '2017-07-24 23:15:09.031', '2017-07-24 23:15:15.615', '6584', '');
INSERT INTO `act_hi_actinst` VALUES ('112510', 'weChat:1:90008', '112501', '112501', 'exclusivegateway1', null, null, 'Exclusive Gateway', 'exclusiveGateway', null, '2017-07-24 23:15:15.616', '2017-07-24 23:15:15.657', '41', '');
INSERT INTO `act_hi_actinst` VALUES ('112511', 'weChat:1:90008', '112501', '112501', 'send', null, null, '发送通知', 'receiveTask', null, '2017-07-24 23:15:15.657', '2017-07-24 23:26:11.337', '655680', '');
INSERT INTO `act_hi_actinst` VALUES ('115002', 'weChat:1:90008', '115001', '115001', 'startevent1', null, null, 'Start', 'startEvent', null, '2017-07-24 23:21:03.444', '2017-07-24 23:21:03.509', '65', '');
INSERT INTO `act_hi_actinst` VALUES ('115005', 'weChat:1:90008', '115001', '115001', 'approve', '115006', null, '通知审批', 'userTask', 'admin', '2017-07-24 23:21:03.510', '2017-07-24 23:24:11.672', '188162', '');
INSERT INTO `act_hi_actinst` VALUES ('117503', 'weChat:1:90008', '115001', '115001', 'exclusivegateway1', null, null, 'Exclusive Gateway', 'exclusiveGateway', null, '2017-07-24 23:24:11.672', '2017-07-24 23:24:11.705', '33', '');
INSERT INTO `act_hi_actinst` VALUES ('117504', 'weChat:1:90008', '115001', '115001', 'send', null, null, '发送通知', 'receiveTask', null, '2017-07-24 23:24:11.706', '2017-07-24 23:25:22.813', '71107', '');
INSERT INTO `act_hi_actinst` VALUES ('120001', 'weChat:1:90008', '115001', '115001', 'endevent1', null, null, 'End', 'endEvent', null, '2017-07-24 23:25:22.841', '2017-07-24 23:25:22.841', '0', '');
INSERT INTO `act_hi_actinst` VALUES ('122501', 'weChat:1:90008', '112501', '112501', 'endevent1', null, null, 'End', 'endEvent', null, '2017-07-24 23:26:11.363', '2017-07-24 23:26:11.364', '1', '');
INSERT INTO `act_hi_actinst` VALUES ('125001', 'weChat:1:90008', '92501', '92501', 'endevent1', null, null, 'End', 'endEvent', null, '2017-07-24 23:26:27.116', '2017-07-24 23:26:27.117', '1', '');
INSERT INTO `act_hi_actinst` VALUES ('127501', 'weChat:1:90008', '107505', '107505', 'endevent1', null, null, 'End', 'endEvent', null, '2017-07-24 23:26:42.216', '2017-07-24 23:26:42.217', '1', '');
INSERT INTO `act_hi_actinst` VALUES ('130002', 'weChat:1:90008', '130001', '130001', 'startevent1', null, null, 'Start', 'startEvent', null, '2017-07-24 23:30:34.786', '2017-07-24 23:30:34.824', '38', '');
INSERT INTO `act_hi_actinst` VALUES ('130005', 'weChat:1:90008', '130001', '130001', 'approve', '130006', null, '通知审批', 'userTask', 'admin', '2017-07-24 23:30:34.825', '2017-07-24 23:52:05.504', '1290679', '');
INSERT INTO `act_hi_actinst` VALUES ('132503', 'weChat:1:90008', '130001', '130001', 'exclusivegateway1', null, null, 'Exclusive Gateway', 'exclusiveGateway', null, '2017-07-24 23:52:05.506', '2017-07-24 23:52:05.598', '92', '');
INSERT INTO `act_hi_actinst` VALUES ('132504', 'weChat:1:90008', '130001', '130001', 'send', null, null, '发送通知', 'receiveTask', null, '2017-07-24 23:52:05.600', '2017-07-24 23:52:30.602', '25002', '');
INSERT INTO `act_hi_actinst` VALUES ('132505', 'weChat:1:90008', '130001', '130001', 'endevent1', null, null, 'End', 'endEvent', null, '2017-07-24 23:52:30.602', '2017-07-24 23:52:30.602', '0', '');
INSERT INTO `act_hi_actinst` VALUES ('135002', 'weChat:1:90008', '135001', '135001', 'startevent1', null, null, 'Start', 'startEvent', null, '2017-07-26 14:59:43.466', '2017-07-26 14:59:43.506', '40', '');
INSERT INTO `act_hi_actinst` VALUES ('135005', 'weChat:1:90008', '135001', '135001', 'approve', '135006', null, '通知审批', 'userTask', 'admin', '2017-07-26 14:59:43.507', '2017-07-26 15:00:03.868', '20361', '');
INSERT INTO `act_hi_actinst` VALUES ('135010', 'weChat:1:90008', '135001', '135001', 'exclusivegateway1', null, null, 'Exclusive Gateway', 'exclusiveGateway', null, '2017-07-26 15:00:03.868', '2017-07-26 15:00:03.896', '28', '');
INSERT INTO `act_hi_actinst` VALUES ('135011', 'weChat:1:90008', '135001', '135001', 'send', null, null, '发送通知', 'receiveTask', null, '2017-07-26 15:00:03.896', '2017-07-26 15:00:03.964', '68', '');
INSERT INTO `act_hi_actinst` VALUES ('135012', 'weChat:1:90008', '135001', '135001', 'endevent1', null, null, 'End', 'endEvent', null, '2017-07-26 15:00:03.964', '2017-07-26 15:00:03.964', '0', '');
INSERT INTO `act_hi_actinst` VALUES ('135014', 'weChat:1:90008', '135013', '135013', 'startevent1', null, null, 'Start', 'startEvent', null, '2017-07-26 15:00:20.282', '2017-07-26 15:00:20.284', '2', '');
INSERT INTO `act_hi_actinst` VALUES ('135017', 'weChat:1:90008', '135013', '135013', 'approve', '135018', null, '通知审批', 'userTask', 'admin', '2017-07-26 15:00:20.284', '2017-07-28 14:07:32.177', '169631893', '');
INSERT INTO `act_hi_actinst` VALUES ('137503', 'weChat:1:90008', '135013', '135013', 'exclusivegateway1', null, null, 'Exclusive Gateway', 'exclusiveGateway', null, '2017-07-28 14:07:32.178', '2017-07-28 14:07:32.201', '23', '');
INSERT INTO `act_hi_actinst` VALUES ('137504', 'weChat:1:90008', '135013', '135013', 'send', null, null, '发送通知', 'receiveTask', null, '2017-07-28 14:07:32.202', '2017-07-28 14:07:32.271', '69', '');
INSERT INTO `act_hi_actinst` VALUES ('137505', 'weChat:1:90008', '135013', '135013', 'endevent1', null, null, 'End', 'endEvent', null, '2017-07-28 14:07:32.271', '2017-07-28 14:07:32.271', '0', '');
INSERT INTO `act_hi_actinst` VALUES ('140002', 'weChat:1:90008', '140001', '140001', 'startevent1', null, null, 'Start', 'startEvent', null, '2017-07-29 18:04:23.343', '2017-07-29 18:04:23.425', '82', '');
INSERT INTO `act_hi_actinst` VALUES ('140005', 'weChat:1:90008', '140001', '140001', 'approve', '140006', null, '通知审批', 'userTask', 'admin', '2017-07-29 18:04:23.426', '2017-07-29 18:04:31.698', '8272', '');
INSERT INTO `act_hi_actinst` VALUES ('140010', 'weChat:1:90008', '140001', '140001', 'exclusivegateway1', null, null, 'Exclusive Gateway', 'exclusiveGateway', null, '2017-07-29 18:04:31.699', '2017-07-29 18:04:31.741', '42', '');
INSERT INTO `act_hi_actinst` VALUES ('140011', 'weChat:1:90008', '140001', '140001', 'send', null, null, '发送通知', 'receiveTask', null, '2017-07-29 18:04:31.741', '2017-07-29 18:04:31.810', '69', '');
INSERT INTO `act_hi_actinst` VALUES ('140012', 'weChat:1:90008', '140001', '140001', 'endevent1', null, null, 'End', 'endEvent', null, '2017-07-29 18:04:31.810', '2017-07-29 18:04:31.810', '0', '');
INSERT INTO `act_hi_actinst` VALUES ('140014', 'weChat:1:90008', '140013', '140013', 'startevent1', null, null, 'Start', 'startEvent', null, '2017-07-29 18:04:49.416', '2017-07-29 18:04:49.417', '1', '');
INSERT INTO `act_hi_actinst` VALUES ('140017', 'weChat:1:90008', '140013', '140013', 'approve', '140018', null, '通知审批', 'userTask', 'admin', '2017-07-29 18:04:49.418', '2017-07-29 18:05:08.218', '18800', '');
INSERT INTO `act_hi_actinst` VALUES ('140022', 'weChat:1:90008', '140013', '140013', 'exclusivegateway1', null, null, 'Exclusive Gateway', 'exclusiveGateway', null, '2017-07-29 18:05:08.218', '2017-07-29 18:05:08.218', '0', '');
INSERT INTO `act_hi_actinst` VALUES ('140023', 'weChat:1:90008', '140013', '140013', 'send', null, null, '发送通知', 'receiveTask', null, '2017-07-29 18:05:08.218', '2017-07-29 18:05:08.247', '29', '');
INSERT INTO `act_hi_actinst` VALUES ('140024', 'weChat:1:90008', '140013', '140013', 'endevent1', null, null, 'End', 'endEvent', null, '2017-07-29 18:05:08.247', '2017-07-29 18:05:08.247', '0', '');
INSERT INTO `act_hi_actinst` VALUES ('142502', 'weChat:1:90008', '142501', '142501', 'startevent1', null, null, 'Start', 'startEvent', null, '2017-07-29 20:38:47.864', '2017-07-29 20:38:47.912', '48', '');
INSERT INTO `act_hi_actinst` VALUES ('142505', 'weChat:1:90008', '142501', '142501', 'approve', '142506', null, '通知审批', 'userTask', 'admin', '2017-07-29 20:38:47.913', '2017-07-29 20:38:57.114', '9201', '');
INSERT INTO `act_hi_actinst` VALUES ('142510', 'weChat:1:90008', '142501', '142501', 'exclusivegateway1', null, null, 'Exclusive Gateway', 'exclusiveGateway', null, '2017-07-29 20:38:57.114', '2017-07-29 20:38:57.163', '49', '');
INSERT INTO `act_hi_actinst` VALUES ('142511', 'weChat:1:90008', '142501', '142501', 'send', null, null, '发送通知', 'receiveTask', null, '2017-07-29 20:38:57.163', '2017-07-29 20:38:57.211', '48', '');
INSERT INTO `act_hi_actinst` VALUES ('142512', 'weChat:1:90008', '142501', '142501', 'endevent1', null, null, 'End', 'endEvent', null, '2017-07-29 20:38:57.211', '2017-07-29 20:38:57.211', '0', '');
INSERT INTO `act_hi_actinst` VALUES ('145002', 'weChat:1:90008', '145001', '145001', 'startevent1', null, null, 'Start', 'startEvent', null, '2017-07-29 21:13:37.518', '2017-07-29 21:13:37.609', '91', '');
INSERT INTO `act_hi_actinst` VALUES ('145005', 'weChat:1:90008', '145001', '145001', 'approve', '145006', null, '通知审批', 'userTask', 'admin', '2017-07-29 21:13:37.609', '2017-07-29 23:09:53.832', '6976223', '');
INSERT INTO `act_hi_actinst` VALUES ('147503', 'weChat:1:90008', '145001', '145001', 'exclusivegateway1', null, null, 'Exclusive Gateway', 'exclusiveGateway', null, '2017-07-29 23:09:53.833', '2017-07-29 23:09:53.861', '28', '');
INSERT INTO `act_hi_actinst` VALUES ('147504', 'weChat:1:90008', '145001', '145001', 'send', null, null, '发送通知', 'receiveTask', null, '2017-07-29 23:09:53.861', '2017-07-29 23:09:53.947', '86', '');
INSERT INTO `act_hi_actinst` VALUES ('147505', 'weChat:1:90008', '145001', '145001', 'endevent1', null, null, 'End', 'endEvent', null, '2017-07-29 23:09:53.947', '2017-07-29 23:09:53.947', '0', '');
INSERT INTO `act_hi_actinst` VALUES ('150002', 'weChat:1:90008', '150001', '150001', 'startevent1', null, null, 'Start', 'startEvent', null, '2017-07-30 00:31:20.579', '2017-07-30 00:31:20.613', '34', '');
INSERT INTO `act_hi_actinst` VALUES ('150005', 'weChat:1:90008', '150001', '150001', 'approve', '150006', null, '通知审批', 'userTask', 'ojTXNtwTiZ3hZJ_kFzfV_MZ1XZkM', '2017-07-30 00:31:20.614', '2017-07-30 00:53:35.156', '1334542', '');
INSERT INTO `act_hi_actinst` VALUES ('150009', 'weChat:1:90008', '150008', '150008', 'startevent1', null, null, 'Start', 'startEvent', null, '2017-07-30 00:41:37.795', '2017-07-30 00:41:37.797', '2', '');
INSERT INTO `act_hi_actinst` VALUES ('150012', 'weChat:1:90008', '150008', '150008', 'approve', '150013', null, '通知审批', 'userTask', 'ojTXNtwTiZ3hZJ_kFzfV_MZ1XZkM', '2017-07-30 00:41:37.797', '2017-07-30 00:53:42.239', '724442', '');
INSERT INTO `act_hi_actinst` VALUES ('150016', 'weChat:1:90008', '150015', '150015', 'startevent1', null, null, 'Start', 'startEvent', null, '2017-07-30 00:42:25.810', '2017-07-30 00:42:25.812', '2', '');
INSERT INTO `act_hi_actinst` VALUES ('150019', 'weChat:1:90008', '150015', '150015', 'approve', '150020', null, '通知审批', 'userTask', 'ojTXNtwTiZ3hZJ_kFzfV_MZ1XZkM', '2017-07-30 00:42:25.812', '2017-07-30 00:53:50.375', '684563', '');
INSERT INTO `act_hi_actinst` VALUES ('150024', 'weChat:1:90008', '150001', '150001', 'exclusivegateway1', null, null, 'Exclusive Gateway', 'exclusiveGateway', null, '2017-07-30 00:53:35.156', '2017-07-30 00:53:35.181', '25', '');
INSERT INTO `act_hi_actinst` VALUES ('150025', 'weChat:1:90008', '150001', '150001', 'send', null, null, '发送通知', 'receiveTask', null, '2017-07-30 00:53:35.181', '2017-07-30 00:53:35.223', '42', '');
INSERT INTO `act_hi_actinst` VALUES ('150026', 'weChat:1:90008', '150001', '150001', 'endevent1', null, null, 'End', 'endEvent', null, '2017-07-30 00:53:35.223', '2017-07-30 00:53:35.223', '0', '');
INSERT INTO `act_hi_actinst` VALUES ('150029', 'weChat:1:90008', '150008', '150008', 'exclusivegateway1', null, null, 'Exclusive Gateway', 'exclusiveGateway', null, '2017-07-30 00:53:42.240', '2017-07-30 00:53:42.240', '0', '');
INSERT INTO `act_hi_actinst` VALUES ('150030', 'weChat:1:90008', '150008', '150008', 'send', null, null, '发送通知', 'receiveTask', null, '2017-07-30 00:53:42.240', '2017-07-30 00:53:42.271', '31', '');
INSERT INTO `act_hi_actinst` VALUES ('150031', 'weChat:1:90008', '150008', '150008', 'endevent1', null, null, 'End', 'endEvent', null, '2017-07-30 00:53:42.271', '2017-07-30 00:53:42.271', '0', '');
INSERT INTO `act_hi_actinst` VALUES ('150034', 'weChat:1:90008', '150015', '150015', 'exclusivegateway1', null, null, 'Exclusive Gateway', 'exclusiveGateway', null, '2017-07-30 00:53:50.375', '2017-07-30 00:53:50.375', '0', '');
INSERT INTO `act_hi_actinst` VALUES ('150035', 'weChat:1:90008', '150015', '150015', 'send', null, null, '发送通知', 'receiveTask', null, '2017-07-30 00:53:50.375', '2017-07-30 00:53:50.414', '39', '');
INSERT INTO `act_hi_actinst` VALUES ('150036', 'weChat:1:90008', '150015', '150015', 'endevent1', null, null, 'End', 'endEvent', null, '2017-07-30 00:53:50.414', '2017-07-30 00:53:50.414', '0', '');
INSERT INTO `act_hi_actinst` VALUES ('150038', 'weChat:1:90008', '150037', '150037', 'startevent1', null, null, 'Start', 'startEvent', null, '2017-07-30 00:54:10.502', '2017-07-30 00:54:10.503', '1', '');
INSERT INTO `act_hi_actinst` VALUES ('150041', 'weChat:1:90008', '150037', '150037', 'approve', '150042', null, '通知审批', 'userTask', 'ojTXNtwTiZ3hZJ_kFzfV_MZ1XZkM', '2017-07-30 00:54:10.504', '2017-07-31 13:43:07.586', '132537082', '');
INSERT INTO `act_hi_actinst` VALUES ('152503', 'weChat:1:90008', '150037', '150037', 'exclusivegateway1', null, null, 'Exclusive Gateway', 'exclusiveGateway', null, '2017-07-31 13:43:07.587', '2017-07-31 13:43:07.615', '28', '');
INSERT INTO `act_hi_actinst` VALUES ('152504', 'weChat:1:90008', '150037', '150037', 'send', null, null, '发送通知', 'receiveTask', null, '2017-07-31 13:43:07.615', '2017-07-31 13:43:07.670', '55', '');
INSERT INTO `act_hi_actinst` VALUES ('152505', 'weChat:1:90008', '150037', '150037', 'endevent1', null, null, 'End', 'endEvent', null, '2017-07-31 13:43:07.671', '2017-07-31 13:43:07.671', '0', '');
INSERT INTO `act_hi_actinst` VALUES ('152507', 'weChat:1:90008', '152506', '152506', 'startevent1', null, null, 'Start', 'startEvent', null, '2017-07-31 13:45:45.842', '2017-07-31 13:45:45.851', '9', '');
INSERT INTO `act_hi_actinst` VALUES ('152510', 'weChat:1:90008', '152506', '152506', 'approve', '152511', null, '通知审批', 'userTask', 'ojTXNtwTiZ3hZJ_kFzfV_MZ1XZkM', '2017-07-31 13:45:45.851', '2017-07-31 14:51:36.517', '3950666', '');
INSERT INTO `act_hi_actinst` VALUES ('155003', 'weChat:1:90008', '152506', '152506', 'exclusivegateway1', null, null, 'Exclusive Gateway', 'exclusiveGateway', null, '2017-07-31 14:51:36.518', '2017-07-31 14:51:36.576', '58', '');
INSERT INTO `act_hi_actinst` VALUES ('155004', 'weChat:1:90008', '152506', '152506', 'send', null, null, '发送通知', 'receiveTask', null, '2017-07-31 14:51:36.577', '2017-07-31 14:51:36.721', '144', '');
INSERT INTO `act_hi_actinst` VALUES ('155005', 'weChat:1:90008', '152506', '152506', 'endevent1', null, null, 'End', 'endEvent', null, '2017-07-31 14:51:36.721', '2017-07-31 14:51:36.721', '0', '');
INSERT INTO `act_hi_actinst` VALUES ('157502', 'weChat:1:90008', '157501', '157501', 'startevent1', null, null, 'Start', 'startEvent', null, '2017-07-31 15:43:44.084', '2017-07-31 15:43:44.130', '46', '');
INSERT INTO `act_hi_actinst` VALUES ('157505', 'weChat:1:90008', '157501', '157501', 'approve', '157506', null, '通知审批', 'userTask', 'ojTXNt1HsquWn-8jA7buxSD7KYxg', '2017-07-31 15:43:44.131', null, null, '');
INSERT INTO `act_hi_actinst` VALUES ('92502', 'weChat:1:90008', '92501', '92501', 'startevent1', null, null, 'Start', 'startEvent', null, '2017-07-24 22:47:26.893', '2017-07-24 22:47:26.922', '29', '');
INSERT INTO `act_hi_actinst` VALUES ('92505', 'weChat:1:90008', '92501', '92501', 'approve', '92506', null, '通知审批', 'userTask', 'admin', '2017-07-24 22:47:26.923', '2017-07-24 22:54:54.819', '447896', '');
INSERT INTO `act_hi_actinst` VALUES ('95003', 'weChat:1:90008', '92501', '92501', 'exclusivegateway1', null, null, 'Exclusive Gateway', 'exclusiveGateway', null, '2017-07-24 22:54:54.820', '2017-07-24 22:54:54.853', '33', '');
INSERT INTO `act_hi_actinst` VALUES ('95004', 'weChat:1:90008', '92501', '92501', 'send', null, null, '发送通知', 'receiveTask', null, '2017-07-24 22:54:54.854', '2017-07-24 23:26:27.064', '1892210', '');
INSERT INTO `act_hi_actinst` VALUES ('97502', 'weChat:1:90008', '97501', '97501', 'startevent1', null, null, 'Start', 'startEvent', null, '2017-07-24 23:01:44.088', '2017-07-24 23:01:44.127', '39', '');
INSERT INTO `act_hi_actinst` VALUES ('97505', 'weChat:1:90008', '97501', '97501', 'approve', '97506', null, '通知审批', 'userTask', 'admin', '2017-07-24 23:01:44.129', '2017-07-24 23:09:59.198', '495069', '');

-- ----------------------------
-- Table structure for `act_hi_attachment`
-- ----------------------------
DROP TABLE IF EXISTS `act_hi_attachment`;
CREATE TABLE `act_hi_attachment` (
  `ID_` varchar(64) COLLATE utf8_bin NOT NULL,
  `REV_` int(11) DEFAULT NULL,
  `USER_ID_` varchar(255) COLLATE utf8_bin DEFAULT NULL,
  `NAME_` varchar(255) COLLATE utf8_bin DEFAULT NULL,
  `DESCRIPTION_` varchar(4000) COLLATE utf8_bin DEFAULT NULL,
  `TYPE_` varchar(255) COLLATE utf8_bin DEFAULT NULL,
  `TASK_ID_` varchar(64) COLLATE utf8_bin DEFAULT NULL,
  `PROC_INST_ID_` varchar(64) COLLATE utf8_bin DEFAULT NULL,
  `URL_` varchar(4000) COLLATE utf8_bin DEFAULT NULL,
  `CONTENT_ID_` varchar(64) COLLATE utf8_bin DEFAULT NULL,
  `TIME_` datetime(3) DEFAULT NULL,
  PRIMARY KEY (`ID_`)
) ENGINE=InnoDB DEFAULT CHARSET=utf8 COLLATE=utf8_bin;

-- ----------------------------
-- Records of act_hi_attachment
-- ----------------------------

-- ----------------------------
-- Table structure for `act_hi_comment`
-- ----------------------------
DROP TABLE IF EXISTS `act_hi_comment`;
CREATE TABLE `act_hi_comment` (
  `ID_` varchar(64) COLLATE utf8_bin NOT NULL,
  `TYPE_` varchar(255) COLLATE utf8_bin DEFAULT NULL,
  `TIME_` datetime(3) NOT NULL,
  `USER_ID_` varchar(255) COLLATE utf8_bin DEFAULT NULL,
  `TASK_ID_` varchar(64) COLLATE utf8_bin DEFAULT NULL,
  `PROC_INST_ID_` varchar(64) COLLATE utf8_bin DEFAULT NULL,
  `ACTION_` varchar(255) COLLATE utf8_bin DEFAULT NULL,
  `MESSAGE_` varchar(4000) COLLATE utf8_bin DEFAULT NULL,
  `FULL_MSG_` longblob,
  PRIMARY KEY (`ID_`)
) ENGINE=InnoDB DEFAULT CHARSET=utf8 COLLATE=utf8_bin;

-- ----------------------------
-- Records of act_hi_comment
-- ----------------------------

-- ----------------------------
-- Table structure for `act_hi_detail`
-- ----------------------------
DROP TABLE IF EXISTS `act_hi_detail`;
CREATE TABLE `act_hi_detail` (
  `ID_` varchar(64) COLLATE utf8_bin NOT NULL,
  `TYPE_` varchar(255) COLLATE utf8_bin NOT NULL,
  `PROC_INST_ID_` varchar(64) COLLATE utf8_bin DEFAULT NULL,
  `EXECUTION_ID_` varchar(64) COLLATE utf8_bin DEFAULT NULL,
  `TASK_ID_` varchar(64) COLLATE utf8_bin DEFAULT NULL,
  `ACT_INST_ID_` varchar(64) COLLATE utf8_bin DEFAULT NULL,
  `NAME_` varchar(255) COLLATE utf8_bin NOT NULL,
  `VAR_TYPE_` varchar(255) COLLATE utf8_bin DEFAULT NULL,
  `REV_` int(11) DEFAULT NULL,
  `TIME_` datetime(3) NOT NULL,
  `BYTEARRAY_ID_` varchar(64) COLLATE utf8_bin DEFAULT NULL,
  `DOUBLE_` double DEFAULT NULL,
  `LONG_` bigint(20) DEFAULT NULL,
  `TEXT_` varchar(4000) COLLATE utf8_bin DEFAULT NULL,
  `TEXT2_` varchar(4000) COLLATE utf8_bin DEFAULT NULL,
  PRIMARY KEY (`ID_`),
  KEY `ACT_IDX_HI_DETAIL_PROC_INST` (`PROC_INST_ID_`),
  KEY `ACT_IDX_HI_DETAIL_ACT_INST` (`ACT_INST_ID_`),
  KEY `ACT_IDX_HI_DETAIL_TIME` (`TIME_`),
  KEY `ACT_IDX_HI_DETAIL_NAME` (`NAME_`),
  KEY `ACT_IDX_HI_DETAIL_TASK_ID` (`TASK_ID_`)
) ENGINE=InnoDB DEFAULT CHARSET=utf8 COLLATE=utf8_bin;

-- ----------------------------
-- Records of act_hi_detail
-- ----------------------------

-- ----------------------------
-- Table structure for `act_hi_identitylink`
-- ----------------------------
DROP TABLE IF EXISTS `act_hi_identitylink`;
CREATE TABLE `act_hi_identitylink` (
  `ID_` varchar(64) COLLATE utf8_bin NOT NULL,
  `GROUP_ID_` varchar(255) COLLATE utf8_bin DEFAULT NULL,
  `TYPE_` varchar(255) COLLATE utf8_bin DEFAULT NULL,
  `USER_ID_` varchar(255) COLLATE utf8_bin DEFAULT NULL,
  `TASK_ID_` varchar(64) COLLATE utf8_bin DEFAULT NULL,
  `PROC_INST_ID_` varchar(64) COLLATE utf8_bin DEFAULT NULL,
  PRIMARY KEY (`ID_`),
  KEY `ACT_IDX_HI_IDENT_LNK_USER` (`USER_ID_`),
  KEY `ACT_IDX_HI_IDENT_LNK_TASK` (`TASK_ID_`),
  KEY `ACT_IDX_HI_IDENT_LNK_PROCINST` (`PROC_INST_ID_`)
) ENGINE=InnoDB DEFAULT CHARSET=utf8 COLLATE=utf8_bin;

-- ----------------------------
-- Records of act_hi_identitylink
-- ----------------------------
INSERT INTO `act_hi_identitylink` VALUES ('107511', null, 'participant', 'admin', null, '107505');
INSERT INTO `act_hi_identitylink` VALUES ('112507', null, 'participant', 'admin', null, '112501');
INSERT INTO `act_hi_identitylink` VALUES ('115007', null, 'participant', 'admin', null, '115001');
INSERT INTO `act_hi_identitylink` VALUES ('130007', null, 'participant', 'admin', null, '130001');
INSERT INTO `act_hi_identitylink` VALUES ('135007', null, 'participant', 'admin', null, '135001');
INSERT INTO `act_hi_identitylink` VALUES ('135019', null, 'participant', 'admin', null, '135013');
INSERT INTO `act_hi_identitylink` VALUES ('140007', null, 'participant', 'admin', null, '140001');
INSERT INTO `act_hi_identitylink` VALUES ('140019', null, 'participant', 'admin', null, '140013');
INSERT INTO `act_hi_identitylink` VALUES ('142507', null, 'participant', 'admin', null, '142501');
INSERT INTO `act_hi_identitylink` VALUES ('145007', null, 'participant', 'admin', null, '145001');
INSERT INTO `act_hi_identitylink` VALUES ('150007', null, 'participant', 'ojTXNtwTiZ3hZJ_kFzfV_MZ1XZkM', null, '150001');
INSERT INTO `act_hi_identitylink` VALUES ('150014', null, 'participant', 'ojTXNtwTiZ3hZJ_kFzfV_MZ1XZkM', null, '150008');
INSERT INTO `act_hi_identitylink` VALUES ('150021', null, 'participant', 'ojTXNtwTiZ3hZJ_kFzfV_MZ1XZkM', null, '150015');
INSERT INTO `act_hi_identitylink` VALUES ('150043', null, 'participant', 'ojTXNtwTiZ3hZJ_kFzfV_MZ1XZkM', null, '150037');
INSERT INTO `act_hi_identitylink` VALUES ('152512', null, 'participant', 'ojTXNtwTiZ3hZJ_kFzfV_MZ1XZkM', null, '152506');
INSERT INTO `act_hi_identitylink` VALUES ('157507', null, 'participant', 'ojTXNt1HsquWn-8jA7buxSD7KYxg', null, '157501');
INSERT INTO `act_hi_identitylink` VALUES ('92507', null, 'participant', 'admin', null, '92501');
INSERT INTO `act_hi_identitylink` VALUES ('97507', null, 'participant', 'admin', null, '97501');

-- ----------------------------
-- Table structure for `act_hi_procinst`
-- ----------------------------
DROP TABLE IF EXISTS `act_hi_procinst`;
CREATE TABLE `act_hi_procinst` (
  `ID_` varchar(64) COLLATE utf8_bin NOT NULL,
  `PROC_INST_ID_` varchar(64) COLLATE utf8_bin NOT NULL,
  `BUSINESS_KEY_` varchar(255) COLLATE utf8_bin DEFAULT NULL,
  `PROC_DEF_ID_` varchar(64) COLLATE utf8_bin NOT NULL,
  `START_TIME_` datetime(3) NOT NULL,
  `END_TIME_` datetime(3) DEFAULT NULL,
  `DURATION_` bigint(20) DEFAULT NULL,
  `START_USER_ID_` varchar(255) COLLATE utf8_bin DEFAULT NULL,
  `START_ACT_ID_` varchar(255) COLLATE utf8_bin DEFAULT NULL,
  `END_ACT_ID_` varchar(255) COLLATE utf8_bin DEFAULT NULL,
  `SUPER_PROCESS_INSTANCE_ID_` varchar(64) COLLATE utf8_bin DEFAULT NULL,
  `DELETE_REASON_` varchar(4000) COLLATE utf8_bin DEFAULT NULL,
  `TENANT_ID_` varchar(255) COLLATE utf8_bin DEFAULT '',
  `NAME_` varchar(255) COLLATE utf8_bin DEFAULT NULL,
  PRIMARY KEY (`ID_`),
  UNIQUE KEY `PROC_INST_ID_` (`PROC_INST_ID_`),
  KEY `ACT_IDX_HI_PRO_INST_END` (`END_TIME_`),
  KEY `ACT_IDX_HI_PRO_I_BUSKEY` (`BUSINESS_KEY_`)
) ENGINE=InnoDB DEFAULT CHARSET=utf8 COLLATE=utf8_bin;

-- ----------------------------
-- Records of act_hi_procinst
-- ----------------------------
INSERT INTO `act_hi_procinst` VALUES ('107505', '107505', null, 'weChat:1:90008', '2017-07-24 23:11:34.623', '2017-07-24 23:26:42.224', '907601', null, 'startevent1', 'endevent1', null, null, '', null);
INSERT INTO `act_hi_procinst` VALUES ('112501', '112501', null, 'weChat:1:90008', '2017-07-24 23:15:08.997', '2017-07-24 23:26:11.367', '662370', null, 'startevent1', 'endevent1', null, null, '', null);
INSERT INTO `act_hi_procinst` VALUES ('115001', '115001', null, 'weChat:1:90008', '2017-07-24 23:21:03.443', '2017-07-24 23:25:22.847', '259404', null, 'startevent1', 'endevent1', null, null, '', null);
INSERT INTO `act_hi_procinst` VALUES ('130001', '130001', null, 'weChat:1:90008', '2017-07-24 23:30:34.786', '2017-07-24 23:52:30.605', '1315819', null, 'startevent1', 'endevent1', null, null, '', null);
INSERT INTO `act_hi_procinst` VALUES ('135001', '135001', null, 'weChat:1:90008', '2017-07-26 14:59:43.466', '2017-07-26 15:00:03.966', '20500', null, 'startevent1', 'endevent1', null, null, '', null);
INSERT INTO `act_hi_procinst` VALUES ('135013', '135013', null, 'weChat:1:90008', '2017-07-26 15:00:20.282', '2017-07-28 14:07:32.289', '169632007', null, 'startevent1', 'endevent1', null, null, '', null);
INSERT INTO `act_hi_procinst` VALUES ('140001', '140001', null, 'weChat:1:90008', '2017-07-29 18:04:23.342', '2017-07-29 18:04:31.814', '8472', null, 'startevent1', 'endevent1', null, null, '', null);
INSERT INTO `act_hi_procinst` VALUES ('140013', '140013', null, 'weChat:1:90008', '2017-07-29 18:04:49.416', '2017-07-29 18:05:08.248', '18832', null, 'startevent1', 'endevent1', null, null, '', null);
INSERT INTO `act_hi_procinst` VALUES ('142501', '142501', null, 'weChat:1:90008', '2017-07-29 20:38:47.863', '2017-07-29 20:38:57.213', '9350', null, 'startevent1', 'endevent1', null, null, '', null);
INSERT INTO `act_hi_procinst` VALUES ('145001', '145001', null, 'weChat:1:90008', '2017-07-29 21:13:37.517', '2017-07-29 23:09:53.951', '6976434', null, 'startevent1', 'endevent1', null, null, '', null);
INSERT INTO `act_hi_procinst` VALUES ('150001', '150001', null, 'weChat:1:90008', '2017-07-30 00:31:20.579', '2017-07-30 00:53:35.229', '1334650', null, 'startevent1', 'endevent1', null, null, '', null);
INSERT INTO `act_hi_procinst` VALUES ('150008', '150008', null, 'weChat:1:90008', '2017-07-30 00:41:37.795', '2017-07-30 00:53:42.272', '724477', null, 'startevent1', 'endevent1', null, null, '', null);
INSERT INTO `act_hi_procinst` VALUES ('150015', '150015', null, 'weChat:1:90008', '2017-07-30 00:42:25.810', '2017-07-30 00:53:50.415', '684605', null, 'startevent1', 'endevent1', null, null, '', null);
INSERT INTO `act_hi_procinst` VALUES ('150037', '150037', null, 'weChat:1:90008', '2017-07-30 00:54:10.502', '2017-07-31 13:43:07.673', '132537171', null, 'startevent1', 'endevent1', null, null, '', null);
INSERT INTO `act_hi_procinst` VALUES ('152506', '152506', null, 'weChat:1:90008', '2017-07-31 13:45:45.842', '2017-07-31 14:51:36.739', '3950897', null, 'startevent1', 'endevent1', null, null, '', null);
INSERT INTO `act_hi_procinst` VALUES ('157501', '157501', null, 'weChat:1:90008', '2017-07-31 15:43:44.084', null, null, null, 'startevent1', null, null, null, '', null);
INSERT INTO `act_hi_procinst` VALUES ('92501', '92501', null, 'weChat:1:90008', '2017-07-24 22:47:26.892', '2017-07-24 23:26:27.120', '2340228', null, 'startevent1', 'endevent1', null, null, '', null);
INSERT INTO `act_hi_procinst` VALUES ('97501', '97501', null, 'weChat:1:90008', '2017-07-24 23:01:44.088', '2017-07-24 23:10:51.290', '547202', null, 'startevent1', 'endevent1', null, null, '', null);

-- ----------------------------
-- Table structure for `act_hi_taskinst`
-- ----------------------------
DROP TABLE IF EXISTS `act_hi_taskinst`;
CREATE TABLE `act_hi_taskinst` (
  `ID_` varchar(64) COLLATE utf8_bin NOT NULL,
  `PROC_DEF_ID_` varchar(64) COLLATE utf8_bin DEFAULT NULL,
  `TASK_DEF_KEY_` varchar(255) COLLATE utf8_bin DEFAULT NULL,
  `PROC_INST_ID_` varchar(64) COLLATE utf8_bin DEFAULT NULL,
  `EXECUTION_ID_` varchar(64) COLLATE utf8_bin DEFAULT NULL,
  `NAME_` varchar(255) COLLATE utf8_bin DEFAULT NULL,
  `PARENT_TASK_ID_` varchar(64) COLLATE utf8_bin DEFAULT NULL,
  `DESCRIPTION_` varchar(4000) COLLATE utf8_bin DEFAULT NULL,
  `OWNER_` varchar(255) COLLATE utf8_bin DEFAULT NULL,
  `ASSIGNEE_` varchar(255) COLLATE utf8_bin DEFAULT NULL,
  `START_TIME_` datetime(3) NOT NULL,
  `CLAIM_TIME_` datetime(3) DEFAULT NULL,
  `END_TIME_` datetime(3) DEFAULT NULL,
  `DURATION_` bigint(20) DEFAULT NULL,
  `DELETE_REASON_` varchar(4000) COLLATE utf8_bin DEFAULT NULL,
  `PRIORITY_` int(11) DEFAULT NULL,
  `DUE_DATE_` datetime(3) DEFAULT NULL,
  `FORM_KEY_` varchar(255) COLLATE utf8_bin DEFAULT NULL,
  `CATEGORY_` varchar(255) COLLATE utf8_bin DEFAULT NULL,
  `TENANT_ID_` varchar(255) COLLATE utf8_bin DEFAULT '',
  PRIMARY KEY (`ID_`),
  KEY `ACT_IDX_HI_TASK_INST_PROCINST` (`PROC_INST_ID_`)
) ENGINE=InnoDB DEFAULT CHARSET=utf8 COLLATE=utf8_bin;

-- ----------------------------
-- Records of act_hi_taskinst
-- ----------------------------
INSERT INTO `act_hi_taskinst` VALUES ('107510', 'weChat:1:90008', 'approve', '107505', '107505', '通知审批', null, null, null, 'admin', '2017-07-24 23:11:34.633', null, '2017-07-24 23:12:03.468', '28835', 'completed', '50', null, null, null, '');
INSERT INTO `act_hi_taskinst` VALUES ('112506', 'weChat:1:90008', 'approve', '112501', '112501', '通知审批', null, null, null, 'admin', '2017-07-24 23:15:09.036', null, '2017-07-24 23:15:15.595', '6559', 'completed', '50', null, null, null, '');
INSERT INTO `act_hi_taskinst` VALUES ('115006', 'weChat:1:90008', 'approve', '115001', '115001', '通知审批', null, null, null, 'admin', '2017-07-24 23:21:03.515', null, '2017-07-24 23:24:11.626', '188111', 'completed', '50', null, null, null, '');
INSERT INTO `act_hi_taskinst` VALUES ('130006', 'weChat:1:90008', 'approve', '130001', '130001', '通知审批', null, null, null, 'admin', '2017-07-24 23:30:34.828', null, '2017-07-24 23:52:05.356', '1290528', 'completed', '50', null, null, null, '');
INSERT INTO `act_hi_taskinst` VALUES ('135006', 'weChat:1:90008', 'approve', '135001', '135001', '通知审批', null, null, null, 'admin', '2017-07-26 14:59:43.509', null, '2017-07-26 15:00:03.851', '20342', 'completed', '50', null, null, null, '');
INSERT INTO `act_hi_taskinst` VALUES ('135018', 'weChat:1:90008', 'approve', '135013', '135013', '通知审批', null, null, null, 'admin', '2017-07-26 15:00:20.285', null, '2017-07-28 14:07:32.087', '169631802', 'completed', '50', null, null, null, '');
INSERT INTO `act_hi_taskinst` VALUES ('140006', 'weChat:1:90008', 'approve', '140001', '140001', '通知审批', null, null, null, 'admin', '2017-07-29 18:04:23.429', null, '2017-07-29 18:04:31.682', '8253', 'completed', '50', null, null, null, '');
INSERT INTO `act_hi_taskinst` VALUES ('140018', 'weChat:1:90008', 'approve', '140013', '140013', '通知审批', null, null, null, 'admin', '2017-07-29 18:04:49.419', null, '2017-07-29 18:05:08.214', '18795', 'completed', '50', null, null, null, '');
INSERT INTO `act_hi_taskinst` VALUES ('142506', 'weChat:1:90008', 'approve', '142501', '142501', '通知审批', null, null, null, 'admin', '2017-07-29 20:38:47.914', null, '2017-07-29 20:38:57.097', '9183', 'completed', '50', null, null, null, '');
INSERT INTO `act_hi_taskinst` VALUES ('145006', 'weChat:1:90008', 'approve', '145001', '145001', '通知审批', null, null, null, 'admin', '2017-07-29 21:13:37.613', null, '2017-07-29 23:09:53.795', '6976182', 'completed', '50', null, null, null, '');
INSERT INTO `act_hi_taskinst` VALUES ('150006', 'weChat:1:90008', 'approve', '150001', '150001', '通知审批', null, null, null, 'ojTXNtwTiZ3hZJ_kFzfV_MZ1XZkM', '2017-07-30 00:31:20.615', null, '2017-07-30 00:53:35.144', '1334529', 'completed', '50', null, null, null, '');
INSERT INTO `act_hi_taskinst` VALUES ('150013', 'weChat:1:90008', 'approve', '150008', '150008', '通知审批', null, null, null, 'ojTXNtwTiZ3hZJ_kFzfV_MZ1XZkM', '2017-07-30 00:41:37.798', null, '2017-07-30 00:53:42.237', '724439', 'completed', '50', null, null, null, '');
INSERT INTO `act_hi_taskinst` VALUES ('150020', 'weChat:1:90008', 'approve', '150015', '150015', '通知审批', null, null, null, 'ojTXNtwTiZ3hZJ_kFzfV_MZ1XZkM', '2017-07-30 00:42:25.813', null, '2017-07-30 00:53:50.373', '684560', 'completed', '50', null, null, null, '');
INSERT INTO `act_hi_taskinst` VALUES ('150042', 'weChat:1:90008', 'approve', '150037', '150037', '通知审批', null, null, null, 'ojTXNtwTiZ3hZJ_kFzfV_MZ1XZkM', '2017-07-30 00:54:10.504', null, '2017-07-31 13:43:07.543', '132537039', 'completed', '50', null, null, null, '');
INSERT INTO `act_hi_taskinst` VALUES ('152511', 'weChat:1:90008', 'approve', '152506', '152506', '通知审批', null, null, null, 'ojTXNtwTiZ3hZJ_kFzfV_MZ1XZkM', '2017-07-31 13:45:45.853', null, '2017-07-31 14:51:36.416', '3950563', 'completed', '50', null, null, null, '');
INSERT INTO `act_hi_taskinst` VALUES ('157506', 'weChat:1:90008', 'approve', '157501', '157501', '通知审批', null, null, null, 'ojTXNt1HsquWn-8jA7buxSD7KYxg', '2017-07-31 15:43:44.132', null, null, null, null, '50', null, null, null, '');
INSERT INTO `act_hi_taskinst` VALUES ('92506', 'weChat:1:90008', 'approve', '92501', '92501', '通知审批', null, null, null, 'admin', '2017-07-24 22:47:26.925', null, '2017-07-24 22:54:54.769', '447844', 'completed', '50', null, null, null, '');
INSERT INTO `act_hi_taskinst` VALUES ('97506', 'weChat:1:90008', 'approve', '97501', '97501', '通知审批', null, null, null, 'admin', '2017-07-24 23:01:44.134', null, '2017-07-24 23:09:59.150', '495016', 'completed', '50', null, null, null, '');

-- ----------------------------
-- Table structure for `act_hi_varinst`
-- ----------------------------
DROP TABLE IF EXISTS `act_hi_varinst`;
CREATE TABLE `act_hi_varinst` (
  `ID_` varchar(64) COLLATE utf8_bin NOT NULL,
  `PROC_INST_ID_` varchar(64) COLLATE utf8_bin DEFAULT NULL,
  `EXECUTION_ID_` varchar(64) COLLATE utf8_bin DEFAULT NULL,
  `TASK_ID_` varchar(64) COLLATE utf8_bin DEFAULT NULL,
  `NAME_` varchar(255) COLLATE utf8_bin NOT NULL,
  `VAR_TYPE_` varchar(100) COLLATE utf8_bin DEFAULT NULL,
  `REV_` int(11) DEFAULT NULL,
  `BYTEARRAY_ID_` varchar(64) COLLATE utf8_bin DEFAULT NULL,
  `DOUBLE_` double DEFAULT NULL,
  `LONG_` bigint(20) DEFAULT NULL,
  `TEXT_` varchar(4000) COLLATE utf8_bin DEFAULT NULL,
  `TEXT2_` varchar(4000) COLLATE utf8_bin DEFAULT NULL,
  `CREATE_TIME_` datetime(3) DEFAULT NULL,
  `LAST_UPDATED_TIME_` datetime(3) DEFAULT NULL,
  PRIMARY KEY (`ID_`),
  KEY `ACT_IDX_HI_PROCVAR_PROC_INST` (`PROC_INST_ID_`),
  KEY `ACT_IDX_HI_PROCVAR_NAME_TYPE` (`NAME_`,`VAR_TYPE_`),
  KEY `ACT_IDX_HI_PROCVAR_TASK_ID` (`TASK_ID_`)
) ENGINE=InnoDB DEFAULT CHARSET=utf8 COLLATE=utf8_bin;

-- ----------------------------
-- Records of act_hi_varinst
-- ----------------------------
INSERT INTO `act_hi_varinst` VALUES ('107501', '97501', '97501', null, 'send', 'null', '1', null, null, null, null, null, '2017-07-24 23:09:58.653', '2017-07-24 23:10:51.315');
INSERT INTO `act_hi_varinst` VALUES ('107502', '97501', '97501', null, 'opinion', 'string', '1', null, null, null, '可以', null, '2017-07-24 23:09:58.655', '2017-07-24 23:10:51.315');
INSERT INTO `act_hi_varinst` VALUES ('107507', '107505', '107505', null, 'user', 'string', '1', null, null, null, 'admin', null, '2017-07-24 23:11:34.623', '2017-07-24 23:26:42.244');
INSERT INTO `act_hi_varinst` VALUES ('107508', '107505', '107505', null, 'applicant', 'null', '1', null, null, null, null, null, '2017-07-24 23:11:34.623', '2017-07-24 23:26:42.244');
INSERT INTO `act_hi_varinst` VALUES ('107512', '107505', '107505', null, 'send', 'null', '1', null, null, null, null, null, '2017-07-24 23:12:03.462', '2017-07-24 23:26:42.244');
INSERT INTO `act_hi_varinst` VALUES ('107513', '107505', '107505', null, 'opinion', 'string', '1', null, null, null, '同意发送', null, '2017-07-24 23:12:03.462', '2017-07-24 23:26:42.244');
INSERT INTO `act_hi_varinst` VALUES ('112503', '112501', '112501', null, 'user', 'string', '1', null, null, null, 'admin', null, '2017-07-24 23:15:08.997', '2017-07-24 23:26:11.390');
INSERT INTO `act_hi_varinst` VALUES ('112504', '112501', '112501', null, 'applicant', 'null', '1', null, null, null, null, null, '2017-07-24 23:15:08.999', '2017-07-24 23:26:11.391');
INSERT INTO `act_hi_varinst` VALUES ('112508', '112501', '112501', null, 'send', 'null', '1', null, null, null, null, null, '2017-07-24 23:15:15.575', '2017-07-24 23:26:11.390');
INSERT INTO `act_hi_varinst` VALUES ('112509', '112501', '112501', null, 'opinion', 'string', '1', null, null, null, '好', null, '2017-07-24 23:15:15.575', '2017-07-24 23:26:11.391');
INSERT INTO `act_hi_varinst` VALUES ('115003', '115001', '115001', null, 'user', 'string', '1', null, null, null, 'admin', null, '2017-07-24 23:21:03.444', '2017-07-24 23:25:22.868');
INSERT INTO `act_hi_varinst` VALUES ('115004', '115001', '115001', null, 'applicant', 'null', '1', null, null, null, null, null, '2017-07-24 23:21:03.446', '2017-07-24 23:25:22.868');
INSERT INTO `act_hi_varinst` VALUES ('117501', '115001', '115001', null, 'send', 'null', '1', null, null, null, null, null, '2017-07-24 23:24:11.145', '2017-07-24 23:25:22.868');
INSERT INTO `act_hi_varinst` VALUES ('117502', '115001', '115001', null, 'opinion', 'string', '1', null, null, null, 'qq', null, '2017-07-24 23:24:11.148', '2017-07-24 23:25:22.868');
INSERT INTO `act_hi_varinst` VALUES ('130003', '130001', '130001', null, 'user', 'string', '1', null, null, null, 'admin', null, '2017-07-24 23:30:34.786', '2017-07-24 23:52:30.619');
INSERT INTO `act_hi_varinst` VALUES ('130004', '130001', '130001', null, 'applicant', 'null', '1', null, null, null, null, null, '2017-07-24 23:30:34.788', '2017-07-24 23:52:30.619');
INSERT INTO `act_hi_varinst` VALUES ('132501', '130001', '130001', null, 'send', 'null', '1', null, null, null, null, null, '2017-07-24 23:52:04.573', '2017-07-24 23:52:30.619');
INSERT INTO `act_hi_varinst` VALUES ('132502', '130001', '130001', null, 'opinion', 'string', '1', null, null, null, '好', null, '2017-07-24 23:52:04.577', '2017-07-24 23:52:30.619');
INSERT INTO `act_hi_varinst` VALUES ('135003', '135001', '135001', null, 'user', 'string', '1', null, null, null, 'admin', null, '2017-07-26 14:59:43.467', '2017-07-26 15:00:03.974');
INSERT INTO `act_hi_varinst` VALUES ('135004', '135001', '135001', null, 'applicant', 'null', '1', null, null, null, null, null, '2017-07-26 14:59:43.468', '2017-07-26 15:00:03.974');
INSERT INTO `act_hi_varinst` VALUES ('135008', '135001', '135001', null, 'send', 'null', '1', null, null, null, null, null, '2017-07-26 15:00:03.845', '2017-07-26 15:00:03.974');
INSERT INTO `act_hi_varinst` VALUES ('135009', '135001', '135001', null, 'opinion', 'string', '1', null, null, null, '佾', null, '2017-07-26 15:00:03.845', '2017-07-26 15:00:03.974');
INSERT INTO `act_hi_varinst` VALUES ('135015', '135013', '135013', null, 'user', 'string', '1', null, null, null, 'admin', null, '2017-07-26 15:00:20.283', '2017-07-28 14:07:32.303');
INSERT INTO `act_hi_varinst` VALUES ('135016', '135013', '135013', null, 'applicant', 'null', '1', null, null, null, null, null, '2017-07-26 15:00:20.283', '2017-07-28 14:07:32.303');
INSERT INTO `act_hi_varinst` VALUES ('137501', '135013', '135013', null, 'send', 'null', '1', null, null, null, null, null, '2017-07-28 14:07:31.532', '2017-07-28 14:07:32.303');
INSERT INTO `act_hi_varinst` VALUES ('137502', '135013', '135013', null, 'opinion', 'string', '1', null, null, null, '好 同意\r\n', null, '2017-07-28 14:07:31.534', '2017-07-28 14:07:32.303');
INSERT INTO `act_hi_varinst` VALUES ('140003', '140001', '140001', null, 'user', 'string', '1', null, null, null, 'admin', null, '2017-07-29 18:04:23.345', '2017-07-29 18:04:31.829');
INSERT INTO `act_hi_varinst` VALUES ('140004', '140001', '140001', null, 'applicant', 'null', '1', null, null, null, null, null, '2017-07-29 18:04:23.352', '2017-07-29 18:04:31.829');
INSERT INTO `act_hi_varinst` VALUES ('140008', '140001', '140001', null, 'send', 'null', '1', null, null, null, null, null, '2017-07-29 18:04:31.673', '2017-07-29 18:04:31.829');
INSERT INTO `act_hi_varinst` VALUES ('140009', '140001', '140001', null, 'opinion', 'string', '1', null, null, null, '你好', null, '2017-07-29 18:04:31.673', '2017-07-29 18:04:31.829');
INSERT INTO `act_hi_varinst` VALUES ('140015', '140013', '140013', null, 'user', 'string', '1', null, null, null, 'admin', null, '2017-07-29 18:04:49.416', '2017-07-29 18:05:08.256');
INSERT INTO `act_hi_varinst` VALUES ('140016', '140013', '140013', null, 'applicant', 'null', '1', null, null, null, null, null, '2017-07-29 18:04:49.416', '2017-07-29 18:05:08.256');
INSERT INTO `act_hi_varinst` VALUES ('140020', '140013', '140013', null, 'send', 'null', '1', null, null, null, null, null, '2017-07-29 18:05:08.210', '2017-07-29 18:05:08.256');
INSERT INTO `act_hi_varinst` VALUES ('140021', '140013', '140013', null, 'opinion', 'string', '1', null, null, null, '好 同意', null, '2017-07-29 18:05:08.210', '2017-07-29 18:05:08.256');
INSERT INTO `act_hi_varinst` VALUES ('142503', '142501', '142501', null, 'user', 'string', '1', null, null, null, 'admin', null, '2017-07-29 20:38:47.864', '2017-07-29 20:38:57.221');
INSERT INTO `act_hi_varinst` VALUES ('142504', '142501', '142501', null, 'applicant', 'null', '1', null, null, null, null, null, '2017-07-29 20:38:47.866', '2017-07-29 20:38:57.221');
INSERT INTO `act_hi_varinst` VALUES ('142508', '142501', '142501', null, 'send', 'null', '1', null, null, null, null, null, '2017-07-29 20:38:57.084', '2017-07-29 20:38:57.221');
INSERT INTO `act_hi_varinst` VALUES ('142509', '142501', '142501', null, 'opinion', 'string', '1', null, null, null, 'admin', null, '2017-07-29 20:38:57.084', '2017-07-29 20:38:57.221');
INSERT INTO `act_hi_varinst` VALUES ('145003', '145001', '145001', null, 'user', 'string', '1', null, null, null, 'admin', null, '2017-07-29 21:13:37.519', '2017-07-29 23:09:53.961');
INSERT INTO `act_hi_varinst` VALUES ('145004', '145001', '145001', null, 'applicant', 'null', '1', null, null, null, null, null, '2017-07-29 21:13:37.525', '2017-07-29 23:09:53.961');
INSERT INTO `act_hi_varinst` VALUES ('147501', '145001', '145001', null, 'send', 'null', '1', null, null, null, null, null, '2017-07-29 23:09:53.411', '2017-07-29 23:09:53.961');
INSERT INTO `act_hi_varinst` VALUES ('147502', '145001', '145001', null, 'opinion', 'string', '1', null, null, null, '好', null, '2017-07-29 23:09:53.413', '2017-07-29 23:09:53.961');
INSERT INTO `act_hi_varinst` VALUES ('150003', '150001', '150001', null, 'user', 'string', '1', null, null, null, 'ojTXNtwTiZ3hZJ_kFzfV_MZ1XZkM', null, '2017-07-30 00:31:20.580', '2017-07-30 00:53:35.257');
INSERT INTO `act_hi_varinst` VALUES ('150004', '150001', '150001', null, 'applicant', 'null', '1', null, null, null, null, null, '2017-07-30 00:31:20.582', '2017-07-30 00:53:35.257');
INSERT INTO `act_hi_varinst` VALUES ('150010', '150008', '150008', null, 'user', 'string', '1', null, null, null, 'ojTXNtwTiZ3hZJ_kFzfV_MZ1XZkM', null, '2017-07-30 00:41:37.795', '2017-07-30 00:53:42.279');
INSERT INTO `act_hi_varinst` VALUES ('150011', '150008', '150008', null, 'applicant', 'null', '1', null, null, null, null, null, '2017-07-30 00:41:37.795', '2017-07-30 00:53:42.279');
INSERT INTO `act_hi_varinst` VALUES ('150017', '150015', '150015', null, 'user', 'string', '1', null, null, null, 'ojTXNtwTiZ3hZJ_kFzfV_MZ1XZkM', null, '2017-07-30 00:42:25.810', '2017-07-30 00:53:50.421');
INSERT INTO `act_hi_varinst` VALUES ('150018', '150015', '150015', null, 'applicant', 'string', '1', null, null, null, 'admin', null, '2017-07-30 00:42:25.810', '2017-07-30 00:53:50.421');
INSERT INTO `act_hi_varinst` VALUES ('150022', '150001', '150001', null, 'send', 'null', '1', null, null, null, null, null, '2017-07-30 00:53:35.139', '2017-07-30 00:53:35.257');
INSERT INTO `act_hi_varinst` VALUES ('150023', '150001', '150001', null, 'opinion', 'string', '1', null, null, null, '好', null, '2017-07-30 00:53:35.139', '2017-07-30 00:53:35.257');
INSERT INTO `act_hi_varinst` VALUES ('150027', '150008', '150008', null, 'send', 'null', '1', null, null, null, null, null, '2017-07-30 00:53:42.234', '2017-07-30 00:53:42.279');
INSERT INTO `act_hi_varinst` VALUES ('150028', '150008', '150008', null, 'opinion', 'string', '1', null, null, null, '好', null, '2017-07-30 00:53:42.234', '2017-07-30 00:53:42.279');
INSERT INTO `act_hi_varinst` VALUES ('150032', '150015', '150015', null, 'send', 'null', '1', null, null, null, null, null, '2017-07-30 00:53:50.369', '2017-07-30 00:53:50.421');
INSERT INTO `act_hi_varinst` VALUES ('150033', '150015', '150015', null, 'opinion', 'string', '1', null, null, null, '同意', null, '2017-07-30 00:53:50.369', '2017-07-30 00:53:50.421');
INSERT INTO `act_hi_varinst` VALUES ('150039', '150037', '150037', null, 'user', 'string', '1', null, null, null, 'ojTXNtwTiZ3hZJ_kFzfV_MZ1XZkM', null, '2017-07-30 00:54:10.503', '2017-07-31 13:43:07.680');
INSERT INTO `act_hi_varinst` VALUES ('150040', '150037', '150037', null, 'applicant', 'string', '1', null, null, null, 'admin', null, '2017-07-30 00:54:10.503', '2017-07-31 13:43:07.680');
INSERT INTO `act_hi_varinst` VALUES ('152501', '150037', '150037', null, 'send', 'null', '1', null, null, null, null, null, '2017-07-31 13:43:07.136', '2017-07-31 13:43:07.680');
INSERT INTO `act_hi_varinst` VALUES ('152502', '150037', '150037', null, 'opinion', 'string', '1', null, null, null, '好', null, '2017-07-31 13:43:07.137', '2017-07-31 13:43:07.680');
INSERT INTO `act_hi_varinst` VALUES ('152508', '152506', '152506', null, 'user', 'string', '1', null, null, null, 'ojTXNtwTiZ3hZJ_kFzfV_MZ1XZkM', null, '2017-07-31 13:45:45.842', '2017-07-31 14:51:36.748');
INSERT INTO `act_hi_varinst` VALUES ('152509', '152506', '152506', null, 'applicant', 'string', '1', null, null, null, 'admin', null, '2017-07-31 13:45:45.842', '2017-07-31 14:51:36.748');
INSERT INTO `act_hi_varinst` VALUES ('155001', '152506', '152506', null, 'send', 'null', '1', null, null, null, null, null, '2017-07-31 14:51:35.996', '2017-07-31 14:51:36.748');
INSERT INTO `act_hi_varinst` VALUES ('155002', '152506', '152506', null, 'opinion', 'string', '1', null, null, null, '', null, '2017-07-31 14:51:35.997', '2017-07-31 14:51:36.748');
INSERT INTO `act_hi_varinst` VALUES ('157503', '157501', '157501', null, 'user', 'string', '0', null, null, null, 'ojTXNt1HsquWn-8jA7buxSD7KYxg', null, '2017-07-31 15:43:44.084', '2017-07-31 15:43:44.084');
INSERT INTO `act_hi_varinst` VALUES ('157504', '157501', '157501', null, 'applicant', 'string', '0', null, null, null, 'admin', null, '2017-07-31 15:43:44.086', '2017-07-31 15:43:44.086');
INSERT INTO `act_hi_varinst` VALUES ('92503', '92501', '92501', null, 'user', 'string', '1', null, null, null, 'admin', null, '2017-07-24 22:47:26.893', '2017-07-24 23:26:27.142');
INSERT INTO `act_hi_varinst` VALUES ('92504', '92501', '92501', null, 'applicant', 'null', '1', null, null, null, null, null, '2017-07-24 22:47:26.894', '2017-07-24 23:26:27.142');
INSERT INTO `act_hi_varinst` VALUES ('95001', '92501', '92501', null, 'send', 'null', '1', null, null, null, null, null, '2017-07-24 22:54:54.339', '2017-07-24 23:26:27.142');
INSERT INTO `act_hi_varinst` VALUES ('95002', '92501', '92501', null, 'opinion', 'string', '1', null, null, null, '同意', null, '2017-07-24 22:54:54.341', '2017-07-24 23:26:27.142');
INSERT INTO `act_hi_varinst` VALUES ('97503', '97501', '97501', null, 'user', 'string', '1', null, null, null, 'admin', null, '2017-07-24 23:01:44.088', '2017-07-24 23:10:51.315');
INSERT INTO `act_hi_varinst` VALUES ('97504', '97501', '97501', null, 'applicant', 'null', '1', null, null, null, null, null, '2017-07-24 23:01:44.090', '2017-07-24 23:10:51.316');

-- ----------------------------
-- Table structure for `act_id_group`
-- ----------------------------
DROP TABLE IF EXISTS `act_id_group`;
CREATE TABLE `act_id_group` (
  `ID_` varchar(64) COLLATE utf8_bin NOT NULL,
  `REV_` int(11) DEFAULT NULL,
  `NAME_` varchar(255) COLLATE utf8_bin DEFAULT NULL,
  `TYPE_` varchar(255) COLLATE utf8_bin DEFAULT NULL,
  PRIMARY KEY (`ID_`)
) ENGINE=InnoDB DEFAULT CHARSET=utf8 COLLATE=utf8_bin;

-- ----------------------------
-- Records of act_id_group
-- ----------------------------

-- ----------------------------
-- Table structure for `act_id_info`
-- ----------------------------
DROP TABLE IF EXISTS `act_id_info`;
CREATE TABLE `act_id_info` (
  `ID_` varchar(64) COLLATE utf8_bin NOT NULL,
  `REV_` int(11) DEFAULT NULL,
  `USER_ID_` varchar(64) COLLATE utf8_bin DEFAULT NULL,
  `TYPE_` varchar(64) COLLATE utf8_bin DEFAULT NULL,
  `KEY_` varchar(255) COLLATE utf8_bin DEFAULT NULL,
  `VALUE_` varchar(255) COLLATE utf8_bin DEFAULT NULL,
  `PASSWORD_` longblob,
  `PARENT_ID_` varchar(255) COLLATE utf8_bin DEFAULT NULL,
  PRIMARY KEY (`ID_`)
) ENGINE=InnoDB DEFAULT CHARSET=utf8 COLLATE=utf8_bin;

-- ----------------------------
-- Records of act_id_info
-- ----------------------------

-- ----------------------------
-- Table structure for `act_id_membership`
-- ----------------------------
DROP TABLE IF EXISTS `act_id_membership`;
CREATE TABLE `act_id_membership` (
  `USER_ID_` varchar(64) COLLATE utf8_bin NOT NULL,
  `GROUP_ID_` varchar(64) COLLATE utf8_bin NOT NULL,
  PRIMARY KEY (`USER_ID_`,`GROUP_ID_`),
  KEY `ACT_FK_MEMB_GROUP` (`GROUP_ID_`),
  CONSTRAINT `ACT_FK_MEMB_GROUP` FOREIGN KEY (`GROUP_ID_`) REFERENCES `act_id_group` (`ID_`),
  CONSTRAINT `ACT_FK_MEMB_USER` FOREIGN KEY (`USER_ID_`) REFERENCES `act_id_user` (`ID_`)
) ENGINE=InnoDB DEFAULT CHARSET=utf8 COLLATE=utf8_bin;

-- ----------------------------
-- Records of act_id_membership
-- ----------------------------

-- ----------------------------
-- Table structure for `act_id_user`
-- ----------------------------
DROP TABLE IF EXISTS `act_id_user`;
CREATE TABLE `act_id_user` (
  `ID_` varchar(64) COLLATE utf8_bin NOT NULL,
  `REV_` int(11) DEFAULT NULL,
  `FIRST_` varchar(255) COLLATE utf8_bin DEFAULT NULL,
  `LAST_` varchar(255) COLLATE utf8_bin DEFAULT NULL,
  `EMAIL_` varchar(255) COLLATE utf8_bin DEFAULT NULL,
  `PWD_` varchar(255) COLLATE utf8_bin DEFAULT NULL,
  `PICTURE_ID_` varchar(64) COLLATE utf8_bin DEFAULT NULL,
  PRIMARY KEY (`ID_`)
) ENGINE=InnoDB DEFAULT CHARSET=utf8 COLLATE=utf8_bin;

-- ----------------------------
-- Records of act_id_user
-- ----------------------------

-- ----------------------------
-- Table structure for `act_procdef_info`
-- ----------------------------
DROP TABLE IF EXISTS `act_procdef_info`;
CREATE TABLE `act_procdef_info` (
  `ID_` varchar(64) COLLATE utf8_bin NOT NULL,
  `PROC_DEF_ID_` varchar(64) COLLATE utf8_bin NOT NULL,
  `REV_` int(11) DEFAULT NULL,
  `INFO_JSON_ID_` varchar(64) COLLATE utf8_bin DEFAULT NULL,
  PRIMARY KEY (`ID_`),
  UNIQUE KEY `ACT_UNIQ_INFO_PROCDEF` (`PROC_DEF_ID_`),
  KEY `ACT_IDX_INFO_PROCDEF` (`PROC_DEF_ID_`),
  KEY `ACT_FK_INFO_JSON_BA` (`INFO_JSON_ID_`),
  CONSTRAINT `ACT_FK_INFO_JSON_BA` FOREIGN KEY (`INFO_JSON_ID_`) REFERENCES `act_ge_bytearray` (`ID_`),
  CONSTRAINT `ACT_FK_INFO_PROCDEF` FOREIGN KEY (`PROC_DEF_ID_`) REFERENCES `act_re_procdef` (`ID_`)
) ENGINE=InnoDB DEFAULT CHARSET=utf8 COLLATE=utf8_bin;

-- ----------------------------
-- Records of act_procdef_info
-- ----------------------------

-- ----------------------------
-- Table structure for `act_re_deployment`
-- ----------------------------
DROP TABLE IF EXISTS `act_re_deployment`;
CREATE TABLE `act_re_deployment` (
  `ID_` varchar(64) COLLATE utf8_bin NOT NULL,
  `NAME_` varchar(255) COLLATE utf8_bin DEFAULT NULL,
  `CATEGORY_` varchar(255) COLLATE utf8_bin DEFAULT NULL,
  `TENANT_ID_` varchar(255) COLLATE utf8_bin DEFAULT '',
  `DEPLOY_TIME_` timestamp(3) NULL DEFAULT NULL,
  PRIMARY KEY (`ID_`)
) ENGINE=InnoDB DEFAULT CHARSET=utf8 COLLATE=utf8_bin;

-- ----------------------------
-- Records of act_re_deployment
-- ----------------------------
INSERT INTO `act_re_deployment` VALUES ('90005', '微信通知', null, '', '2017-07-24 22:46:12.143');

-- ----------------------------
-- Table structure for `act_re_model`
-- ----------------------------
DROP TABLE IF EXISTS `act_re_model`;
CREATE TABLE `act_re_model` (
  `ID_` varchar(64) COLLATE utf8_bin NOT NULL,
  `REV_` int(11) DEFAULT NULL,
  `NAME_` varchar(255) COLLATE utf8_bin DEFAULT NULL,
  `KEY_` varchar(255) COLLATE utf8_bin DEFAULT NULL,
  `CATEGORY_` varchar(255) COLLATE utf8_bin DEFAULT NULL,
  `CREATE_TIME_` timestamp(3) NULL DEFAULT NULL,
  `LAST_UPDATE_TIME_` timestamp(3) NULL DEFAULT NULL,
  `VERSION_` int(11) DEFAULT NULL,
  `META_INFO_` varchar(4000) COLLATE utf8_bin DEFAULT NULL,
  `DEPLOYMENT_ID_` varchar(64) COLLATE utf8_bin DEFAULT NULL,
  `EDITOR_SOURCE_VALUE_ID_` varchar(64) COLLATE utf8_bin DEFAULT NULL,
  `EDITOR_SOURCE_EXTRA_VALUE_ID_` varchar(64) COLLATE utf8_bin DEFAULT NULL,
  `TENANT_ID_` varchar(255) COLLATE utf8_bin DEFAULT '',
  PRIMARY KEY (`ID_`),
  KEY `ACT_FK_MODEL_SOURCE` (`EDITOR_SOURCE_VALUE_ID_`),
  KEY `ACT_FK_MODEL_SOURCE_EXTRA` (`EDITOR_SOURCE_EXTRA_VALUE_ID_`),
  KEY `ACT_FK_MODEL_DEPLOYMENT` (`DEPLOYMENT_ID_`),
  CONSTRAINT `ACT_FK_MODEL_DEPLOYMENT` FOREIGN KEY (`DEPLOYMENT_ID_`) REFERENCES `act_re_deployment` (`ID_`),
  CONSTRAINT `ACT_FK_MODEL_SOURCE` FOREIGN KEY (`EDITOR_SOURCE_VALUE_ID_`) REFERENCES `act_ge_bytearray` (`ID_`),
  CONSTRAINT `ACT_FK_MODEL_SOURCE_EXTRA` FOREIGN KEY (`EDITOR_SOURCE_EXTRA_VALUE_ID_`) REFERENCES `act_ge_bytearray` (`ID_`)
) ENGINE=InnoDB DEFAULT CHARSET=utf8 COLLATE=utf8_bin;

-- ----------------------------
-- Records of act_re_model
-- ----------------------------

-- ----------------------------
-- Table structure for `act_re_procdef`
-- ----------------------------
DROP TABLE IF EXISTS `act_re_procdef`;
CREATE TABLE `act_re_procdef` (
  `ID_` varchar(64) COLLATE utf8_bin NOT NULL,
  `REV_` int(11) DEFAULT NULL,
  `CATEGORY_` varchar(255) COLLATE utf8_bin DEFAULT NULL,
  `NAME_` varchar(255) COLLATE utf8_bin DEFAULT NULL,
  `KEY_` varchar(255) COLLATE utf8_bin NOT NULL,
  `VERSION_` int(11) NOT NULL,
  `DEPLOYMENT_ID_` varchar(64) COLLATE utf8_bin DEFAULT NULL,
  `RESOURCE_NAME_` varchar(4000) COLLATE utf8_bin DEFAULT NULL,
  `DGRM_RESOURCE_NAME_` varchar(4000) COLLATE utf8_bin DEFAULT NULL,
  `DESCRIPTION_` varchar(4000) COLLATE utf8_bin DEFAULT NULL,
  `HAS_START_FORM_KEY_` tinyint(4) DEFAULT NULL,
  `HAS_GRAPHICAL_NOTATION_` tinyint(4) DEFAULT NULL,
  `SUSPENSION_STATE_` int(11) DEFAULT NULL,
  `TENANT_ID_` varchar(255) COLLATE utf8_bin DEFAULT '',
  PRIMARY KEY (`ID_`),
  UNIQUE KEY `ACT_UNIQ_PROCDEF` (`KEY_`,`VERSION_`,`TENANT_ID_`)
) ENGINE=InnoDB DEFAULT CHARSET=utf8 COLLATE=utf8_bin;

-- ----------------------------
-- Records of act_re_procdef
-- ----------------------------
INSERT INTO `act_re_procdef` VALUES ('weChat:1:90008', '1', 'http://www.activiti.org/test', 'weChat', 'weChat', '1', '90005', 'WeChat.bpmn', 'WeChat.png', null, '0', '1', '1', '');

-- ----------------------------
-- Table structure for `act_ru_event_subscr`
-- ----------------------------
DROP TABLE IF EXISTS `act_ru_event_subscr`;
CREATE TABLE `act_ru_event_subscr` (
  `ID_` varchar(64) COLLATE utf8_bin NOT NULL,
  `REV_` int(11) DEFAULT NULL,
  `EVENT_TYPE_` varchar(255) COLLATE utf8_bin NOT NULL,
  `EVENT_NAME_` varchar(255) COLLATE utf8_bin DEFAULT NULL,
  `EXECUTION_ID_` varchar(64) COLLATE utf8_bin DEFAULT NULL,
  `PROC_INST_ID_` varchar(64) COLLATE utf8_bin DEFAULT NULL,
  `ACTIVITY_ID_` varchar(64) COLLATE utf8_bin DEFAULT NULL,
  `CONFIGURATION_` varchar(255) COLLATE utf8_bin DEFAULT NULL,
  `CREATED_` timestamp(3) NOT NULL DEFAULT CURRENT_TIMESTAMP(3),
  `PROC_DEF_ID_` varchar(64) COLLATE utf8_bin DEFAULT NULL,
  `TENANT_ID_` varchar(255) COLLATE utf8_bin DEFAULT '',
  PRIMARY KEY (`ID_`),
  KEY `ACT_IDX_EVENT_SUBSCR_CONFIG_` (`CONFIGURATION_`),
  KEY `ACT_FK_EVENT_EXEC` (`EXECUTION_ID_`),
  CONSTRAINT `ACT_FK_EVENT_EXEC` FOREIGN KEY (`EXECUTION_ID_`) REFERENCES `act_ru_execution` (`ID_`)
) ENGINE=InnoDB DEFAULT CHARSET=utf8 COLLATE=utf8_bin;

-- ----------------------------
-- Records of act_ru_event_subscr
-- ----------------------------

-- ----------------------------
-- Table structure for `act_ru_execution`
-- ----------------------------
DROP TABLE IF EXISTS `act_ru_execution`;
CREATE TABLE `act_ru_execution` (
  `ID_` varchar(64) COLLATE utf8_bin NOT NULL,
  `REV_` int(11) DEFAULT NULL,
  `PROC_INST_ID_` varchar(64) COLLATE utf8_bin DEFAULT NULL,
  `BUSINESS_KEY_` varchar(255) COLLATE utf8_bin DEFAULT NULL,
  `PARENT_ID_` varchar(64) COLLATE utf8_bin DEFAULT NULL,
  `PROC_DEF_ID_` varchar(64) COLLATE utf8_bin DEFAULT NULL,
  `SUPER_EXEC_` varchar(64) COLLATE utf8_bin DEFAULT NULL,
  `ACT_ID_` varchar(255) COLLATE utf8_bin DEFAULT NULL,
  `IS_ACTIVE_` tinyint(4) DEFAULT NULL,
  `IS_CONCURRENT_` tinyint(4) DEFAULT NULL,
  `IS_SCOPE_` tinyint(4) DEFAULT NULL,
  `IS_EVENT_SCOPE_` tinyint(4) DEFAULT NULL,
  `SUSPENSION_STATE_` int(11) DEFAULT NULL,
  `CACHED_ENT_STATE_` int(11) DEFAULT NULL,
  `TENANT_ID_` varchar(255) COLLATE utf8_bin DEFAULT '',
  `NAME_` varchar(255) COLLATE utf8_bin DEFAULT NULL,
  `LOCK_TIME_` timestamp(3) NULL DEFAULT NULL,
  PRIMARY KEY (`ID_`),
  KEY `ACT_IDX_EXEC_BUSKEY` (`BUSINESS_KEY_`),
  KEY `ACT_FK_EXE_PROCINST` (`PROC_INST_ID_`),
  KEY `ACT_FK_EXE_PARENT` (`PARENT_ID_`),
  KEY `ACT_FK_EXE_SUPER` (`SUPER_EXEC_`),
  KEY `ACT_FK_EXE_PROCDEF` (`PROC_DEF_ID_`),
  CONSTRAINT `ACT_FK_EXE_PARENT` FOREIGN KEY (`PARENT_ID_`) REFERENCES `act_ru_execution` (`ID_`),
  CONSTRAINT `ACT_FK_EXE_PROCDEF` FOREIGN KEY (`PROC_DEF_ID_`) REFERENCES `act_re_procdef` (`ID_`),
  CONSTRAINT `ACT_FK_EXE_PROCINST` FOREIGN KEY (`PROC_INST_ID_`) REFERENCES `act_ru_execution` (`ID_`) ON DELETE CASCADE ON UPDATE CASCADE,
  CONSTRAINT `ACT_FK_EXE_SUPER` FOREIGN KEY (`SUPER_EXEC_`) REFERENCES `act_ru_execution` (`ID_`)
) ENGINE=InnoDB DEFAULT CHARSET=utf8 COLLATE=utf8_bin;

-- ----------------------------
-- Records of act_ru_execution
-- ----------------------------
INSERT INTO `act_ru_execution` VALUES ('157501', '1', '157501', null, null, 'weChat:1:90008', null, 'approve', '1', '0', '1', '0', '1', '2', '', null, null);

-- ----------------------------
-- Table structure for `act_ru_identitylink`
-- ----------------------------
DROP TABLE IF EXISTS `act_ru_identitylink`;
CREATE TABLE `act_ru_identitylink` (
  `ID_` varchar(64) COLLATE utf8_bin NOT NULL,
  `REV_` int(11) DEFAULT NULL,
  `GROUP_ID_` varchar(255) COLLATE utf8_bin DEFAULT NULL,
  `TYPE_` varchar(255) COLLATE utf8_bin DEFAULT NULL,
  `USER_ID_` varchar(255) COLLATE utf8_bin DEFAULT NULL,
  `TASK_ID_` varchar(64) COLLATE utf8_bin DEFAULT NULL,
  `PROC_INST_ID_` varchar(64) COLLATE utf8_bin DEFAULT NULL,
  `PROC_DEF_ID_` varchar(64) COLLATE utf8_bin DEFAULT NULL,
  PRIMARY KEY (`ID_`),
  KEY `ACT_IDX_IDENT_LNK_USER` (`USER_ID_`),
  KEY `ACT_IDX_IDENT_LNK_GROUP` (`GROUP_ID_`),
  KEY `ACT_IDX_ATHRZ_PROCEDEF` (`PROC_DEF_ID_`),
  KEY `ACT_FK_TSKASS_TASK` (`TASK_ID_`),
  KEY `ACT_FK_IDL_PROCINST` (`PROC_INST_ID_`),
  CONSTRAINT `ACT_FK_ATHRZ_PROCEDEF` FOREIGN KEY (`PROC_DEF_ID_`) REFERENCES `act_re_procdef` (`ID_`),
  CONSTRAINT `ACT_FK_IDL_PROCINST` FOREIGN KEY (`PROC_INST_ID_`) REFERENCES `act_ru_execution` (`ID_`),
  CONSTRAINT `ACT_FK_TSKASS_TASK` FOREIGN KEY (`TASK_ID_`) REFERENCES `act_ru_task` (`ID_`)
) ENGINE=InnoDB DEFAULT CHARSET=utf8 COLLATE=utf8_bin;

-- ----------------------------
-- Records of act_ru_identitylink
-- ----------------------------
INSERT INTO `act_ru_identitylink` VALUES ('157507', '1', null, 'participant', 'ojTXNt1HsquWn-8jA7buxSD7KYxg', null, '157501', null);

-- ----------------------------
-- Table structure for `act_ru_job`
-- ----------------------------
DROP TABLE IF EXISTS `act_ru_job`;
CREATE TABLE `act_ru_job` (
  `ID_` varchar(64) COLLATE utf8_bin NOT NULL,
  `REV_` int(11) DEFAULT NULL,
  `TYPE_` varchar(255) COLLATE utf8_bin NOT NULL,
  `LOCK_EXP_TIME_` timestamp(3) NULL DEFAULT NULL,
  `LOCK_OWNER_` varchar(255) COLLATE utf8_bin DEFAULT NULL,
  `EXCLUSIVE_` tinyint(1) DEFAULT NULL,
  `EXECUTION_ID_` varchar(64) COLLATE utf8_bin DEFAULT NULL,
  `PROCESS_INSTANCE_ID_` varchar(64) COLLATE utf8_bin DEFAULT NULL,
  `PROC_DEF_ID_` varchar(64) COLLATE utf8_bin DEFAULT NULL,
  `RETRIES_` int(11) DEFAULT NULL,
  `EXCEPTION_STACK_ID_` varchar(64) COLLATE utf8_bin DEFAULT NULL,
  `EXCEPTION_MSG_` varchar(4000) COLLATE utf8_bin DEFAULT NULL,
  `DUEDATE_` timestamp(3) NULL DEFAULT NULL,
  `REPEAT_` varchar(255) COLLATE utf8_bin DEFAULT NULL,
  `HANDLER_TYPE_` varchar(255) COLLATE utf8_bin DEFAULT NULL,
  `HANDLER_CFG_` varchar(4000) COLLATE utf8_bin DEFAULT NULL,
  `TENANT_ID_` varchar(255) COLLATE utf8_bin DEFAULT '',
  PRIMARY KEY (`ID_`),
  KEY `ACT_FK_JOB_EXCEPTION` (`EXCEPTION_STACK_ID_`),
  CONSTRAINT `ACT_FK_JOB_EXCEPTION` FOREIGN KEY (`EXCEPTION_STACK_ID_`) REFERENCES `act_ge_bytearray` (`ID_`)
) ENGINE=InnoDB DEFAULT CHARSET=utf8 COLLATE=utf8_bin;

-- ----------------------------
-- Records of act_ru_job
-- ----------------------------

-- ----------------------------
-- Table structure for `act_ru_task`
-- ----------------------------
DROP TABLE IF EXISTS `act_ru_task`;
CREATE TABLE `act_ru_task` (
  `ID_` varchar(64) COLLATE utf8_bin NOT NULL,
  `REV_` int(11) DEFAULT NULL,
  `EXECUTION_ID_` varchar(64) COLLATE utf8_bin DEFAULT NULL,
  `PROC_INST_ID_` varchar(64) COLLATE utf8_bin DEFAULT NULL,
  `PROC_DEF_ID_` varchar(64) COLLATE utf8_bin DEFAULT NULL,
  `NAME_` varchar(255) COLLATE utf8_bin DEFAULT NULL,
  `PARENT_TASK_ID_` varchar(64) COLLATE utf8_bin DEFAULT NULL,
  `DESCRIPTION_` varchar(4000) COLLATE utf8_bin DEFAULT NULL,
  `TASK_DEF_KEY_` varchar(255) COLLATE utf8_bin DEFAULT NULL,
  `OWNER_` varchar(255) COLLATE utf8_bin DEFAULT NULL,
  `ASSIGNEE_` varchar(255) COLLATE utf8_bin DEFAULT NULL,
  `DELEGATION_` varchar(64) COLLATE utf8_bin DEFAULT NULL,
  `PRIORITY_` int(11) DEFAULT NULL,
  `CREATE_TIME_` timestamp(3) NULL DEFAULT NULL,
  `DUE_DATE_` datetime(3) DEFAULT NULL,
  `CATEGORY_` varchar(255) COLLATE utf8_bin DEFAULT NULL,
  `SUSPENSION_STATE_` int(11) DEFAULT NULL,
  `TENANT_ID_` varchar(255) COLLATE utf8_bin DEFAULT '',
  `FORM_KEY_` varchar(255) COLLATE utf8_bin DEFAULT NULL,
  PRIMARY KEY (`ID_`),
  KEY `ACT_IDX_TASK_CREATE` (`CREATE_TIME_`),
  KEY `ACT_FK_TASK_EXE` (`EXECUTION_ID_`),
  KEY `ACT_FK_TASK_PROCINST` (`PROC_INST_ID_`),
  KEY `ACT_FK_TASK_PROCDEF` (`PROC_DEF_ID_`),
  CONSTRAINT `ACT_FK_TASK_EXE` FOREIGN KEY (`EXECUTION_ID_`) REFERENCES `act_ru_execution` (`ID_`),
  CONSTRAINT `ACT_FK_TASK_PROCDEF` FOREIGN KEY (`PROC_DEF_ID_`) REFERENCES `act_re_procdef` (`ID_`),
  CONSTRAINT `ACT_FK_TASK_PROCINST` FOREIGN KEY (`PROC_INST_ID_`) REFERENCES `act_ru_execution` (`ID_`)
) ENGINE=InnoDB DEFAULT CHARSET=utf8 COLLATE=utf8_bin;

-- ----------------------------
-- Records of act_ru_task
-- ----------------------------
INSERT INTO `act_ru_task` VALUES ('157506', '1', '157501', '157501', 'weChat:1:90008', '通知审批', null, null, 'approve', null, 'ojTXNt1HsquWn-8jA7buxSD7KYxg', null, '50', '2017-07-31 15:43:44.131', null, null, '1', '', null);

-- ----------------------------
-- Table structure for `act_ru_variable`
-- ----------------------------
DROP TABLE IF EXISTS `act_ru_variable`;
CREATE TABLE `act_ru_variable` (
  `ID_` varchar(64) COLLATE utf8_bin NOT NULL,
  `REV_` int(11) DEFAULT NULL,
  `TYPE_` varchar(255) COLLATE utf8_bin NOT NULL,
  `NAME_` varchar(255) COLLATE utf8_bin NOT NULL,
  `EXECUTION_ID_` varchar(64) COLLATE utf8_bin DEFAULT NULL,
  `PROC_INST_ID_` varchar(64) COLLATE utf8_bin DEFAULT NULL,
  `TASK_ID_` varchar(64) COLLATE utf8_bin DEFAULT NULL,
  `BYTEARRAY_ID_` varchar(64) COLLATE utf8_bin DEFAULT NULL,
  `DOUBLE_` double DEFAULT NULL,
  `LONG_` bigint(20) DEFAULT NULL,
  `TEXT_` varchar(4000) COLLATE utf8_bin DEFAULT NULL,
  `TEXT2_` varchar(4000) COLLATE utf8_bin DEFAULT NULL,
  PRIMARY KEY (`ID_`),
  KEY `ACT_IDX_VARIABLE_TASK_ID` (`TASK_ID_`),
  KEY `ACT_FK_VAR_EXE` (`EXECUTION_ID_`),
  KEY `ACT_FK_VAR_PROCINST` (`PROC_INST_ID_`),
  KEY `ACT_FK_VAR_BYTEARRAY` (`BYTEARRAY_ID_`),
  CONSTRAINT `ACT_FK_VAR_BYTEARRAY` FOREIGN KEY (`BYTEARRAY_ID_`) REFERENCES `act_ge_bytearray` (`ID_`),
  CONSTRAINT `ACT_FK_VAR_EXE` FOREIGN KEY (`EXECUTION_ID_`) REFERENCES `act_ru_execution` (`ID_`),
  CONSTRAINT `ACT_FK_VAR_PROCINST` FOREIGN KEY (`PROC_INST_ID_`) REFERENCES `act_ru_execution` (`ID_`)
) ENGINE=InnoDB DEFAULT CHARSET=utf8 COLLATE=utf8_bin;

-- ----------------------------
-- Records of act_ru_variable
-- ----------------------------
INSERT INTO `act_ru_variable` VALUES ('157503', '1', 'string', 'user', '157501', '157501', null, null, null, null, 'ojTXNt1HsquWn-8jA7buxSD7KYxg', null);
INSERT INTO `act_ru_variable` VALUES ('157504', '1', 'string', 'applicant', '157501', '157501', null, null, null, null, 'admin', null);

-- ----------------------------
-- Table structure for `role`
-- ----------------------------
DROP TABLE IF EXISTS `role`;
CREATE TABLE `role` (
  `id` bigint(20) NOT NULL DEFAULT '0',
  `name` varchar(50) DEFAULT NULL,
  `descn` varchar(200) DEFAULT NULL,
  PRIMARY KEY (`id`)
) ENGINE=InnoDB DEFAULT CHARSET=utf8;

-- ----------------------------
-- Records of role
-- ----------------------------
INSERT INTO `role` VALUES ('1', 'ROLE_ADMIN', '管理员角色');
INSERT INTO `role` VALUES ('2', 'ROLE_USER', '用户角色');
INSERT INTO `role` VALUES ('3', 'ROLE_TEST', '测试角色');

-- ----------------------------
-- Table structure for `user`
-- ----------------------------
DROP TABLE IF EXISTS `user`;
CREATE TABLE `user` (
  `id` bigint(20) NOT NULL DEFAULT '0',
  `username` varchar(50) DEFAULT NULL,
  `password` varchar(50) DEFAULT NULL,
  `status` int(11) DEFAULT NULL,
  `descn` varchar(200) DEFAULT NULL,
  PRIMARY KEY (`id`)
) ENGINE=InnoDB DEFAULT CHARSET=utf8;

-- ----------------------------
-- Records of user
-- ----------------------------
INSERT INTO `user` VALUES ('1', 'admin', 'admin', '1', '管理员');
INSERT INTO `user` VALUES ('2', 'user', 'user', '1', '用户');
INSERT INTO `user` VALUES ('3', 'test', 'test', '1', '测试');

-- ----------------------------
-- Table structure for `user_role`
-- ----------------------------
DROP TABLE IF EXISTS `user_role`;
CREATE TABLE `user_role` (
  `user_id` bigint(20) NOT NULL DEFAULT '0',
  `role_id` bigint(20) NOT NULL DEFAULT '0',
  PRIMARY KEY (`user_id`,`role_id`),
  KEY `fk_user_role_role` (`role_id`),
  CONSTRAINT `fk_user_role_role` FOREIGN KEY (`role_id`) REFERENCES `role` (`id`),
  CONSTRAINT `fk_user_role_user` FOREIGN KEY (`user_id`) REFERENCES `user` (`id`)
) ENGINE=InnoDB DEFAULT CHARSET=utf8;

-- ----------------------------
-- Records of user_role
-- ----------------------------
INSERT INTO `user_role` VALUES ('1', '1');
INSERT INTO `user_role` VALUES ('1', '2');
INSERT INTO `user_role` VALUES ('2', '2');
INSERT INTO `user_role` VALUES ('3', '3');

-- ----------------------------
-- Table structure for `wechat_user_info`
-- ----------------------------
DROP TABLE IF EXISTS `wechat_user_info`;
CREATE TABLE `wechat_user_info` (
  `id` int(11) NOT NULL AUTO_INCREMENT,
  `wechat_id` varchar(50) NOT NULL,
  `user_name` varchar(50) DEFAULT NULL,
  `user_type` int(11) DEFAULT '1',
  PRIMARY KEY (`id`)
) ENGINE=InnoDB AUTO_INCREMENT=4 DEFAULT CHARSET=utf8;

-- ----------------------------
-- Records of wechat_user_info
-- ----------------------------
INSERT INTO `wechat_user_info` VALUES ('2', 'ojTXNtwTiZ3hZJ_kFzfV_MZ1XZkM', '黄江威', null);
INSERT INTO `wechat_user_info` VALUES ('3', 'ojTXNt1HsquWn-8jA7buxSD7KYxg', '陈明良', null);
